p,n,MAE_m,MAPE_percent,RMSE_m,bias_m
1.0,10000,592.5092376140418,14.066116654528255,810.8973275007303,-232.15314096886274
1.01,10000,591.429559491941,14.030996717123347,810.777113083198,-254.24488274664552
1.02,10000,591.0517144272361,14.011466077248313,811.4710712226351,-275.6990256905693
1.03,10000,591.2844495631241,14.006390698991492,812.9089205133573,-296.54038517922436
1.04,10000,592.1506635347087,14.016013290546866,815.0240468501685,-316.7925508773992
1.05,10000,593.5300773880911,14.037715672378736,817.7536063834576,-336.477960172975
1.06,10000,595.4121842570135,14.071047731753614,821.0385697996066,-355.61796645558655
1.07,10000,597.7897607288982,14.115656677329449,824.8237142929912,-374.23290265104026
1.08,10000,600.6699276392835,14.171038586474491,829.0575704467188,-392.3421403884756
1.09,10000,603.9672319017958,14.236192877275085,833.6923315462608,-409.9641451433941
1.1,10000,607.6643883579014,14.309894039524965,838.6837327312844,-427.11652766972463
1.11,10000,611.766604210988,14.39272931262407,843.9909069621145,-443.8160920064617
1.12,10000,616.1736169784006,14.482875067341212,849.5762241438098,-460.0788803199548
1.13,10000,620.8529331954844,14.580091631851527,855.4051190012013,-475.9202148205537
1.14,10000,625.9343539957415,14.686250319683266,861.4459125026739,-491.3547369719863
1.15,10000,631.3362809987474,14.799072631837658,867.669630841461,-506.39644419373053
1.16,10000,637.0292715902498,14.918347269226102,874.0498252366549,-521.0587242398248
1.17,10000,642.9634806470829,15.04322909662665,880.5623951351818,-535.3543874225969
1.18,10000,649.0410170409928,15.171887827172453,887.185416792672,-549.2956968360469
1.19,10000,655.284947531558,15.304529269961922,893.8989786898563,-562.8943967210869
1.2,10000,661.6568538793468,15.440444859636218,900.6850248006866,-576.1617391035355
1.21,10000,668.1582952031075,15.579880951074095,907.5272063638437,-589.1085088254001
1.22,10000,674.7353454394612,15.721614366028447,914.4107425135851,-601.7450470804546
1.23,10000,681.3986021463274,15.86542896671316,921.3222898911134,-614.0812735566002
1.24,10000,688.1225802477883,16.01066106418663,928.2498211751916,-626.1267072795059
1.25,10000,694.9004223621558,16.15684258791775,935.1825123328241,-637.8904862449099
1.26,10000,701.7356154999788,16.304381871980695,942.1106382896775,-649.381385920223
1.27,10000,708.6157090127548,16.45300703613754,949.025476649176,-660.6078366901837
1.28,10000,715.4856784764337,16.60172244515555,955.9192190426344,-671.5779403156588
1.29,10000,722.4150712924538,16.751508774015456,962.7848896655693,-682.2994854696142
1.3,10000,729.349547153371,16.90149895204536,969.6162705431113,-692.7799624095848
1.31,10000,736.3083255070796,17.05246181448212,976.4078330668086,-703.026576841785
1.32,10000,743.2760838137219,17.20359870887334,983.1546753528249,-713.0462630278731
1.33,10000,750.2131627237121,17.354400259375183,989.8524649857428,-722.8456961819041
1.34,10000,757.136530558181,17.505334047285533,996.4973867305041,-732.431304201537
1.35,10000,764.0778546280019,17.65687777860889,1003.0860948163887,-741.8092787745838
1.36,10000,770.9943834976727,17.80788981227623,1009.615669419828,-750.9855858990453
1.37,10000,777.9369894489674,17.95893506848404,1016.083576996651,-759.965975852179
1.38,10000,784.8708083632251,18.109695862773513,1022.4876341383368,-768.7559926417764
1.39,10000,791.8054634017883,18.260166769508178,1028.8259746502965,-777.360982970462
1.4,10000,798.7123633253999,18.41004764941311,1035.09701957317,-785.7861047418813
1.41,10000,805.5859373486578,18.559395566323072,1041.299449889921,-794.0363351356266
1.42,10000,812.4224951234448,18.7082580862168,1047.4321816823294,-802.1164782760402
1.43,10000,819.2152699878128,18.856027710614974,1053.494343519977,-810.0311725183209
1.44,10000,825.9686478856279,19.003085639159263,1059.4852558831517,-817.784897373891
1.45,10000,832.692626742139,19.149557057184076,1065.404412438061,-825.3819800955138
1.46,10000,839.3478120846806,19.294758808739722,1071.2514629986067,-832.8266019414442
1.47,10000,845.9334361790994,19.43867830178238,1077.0261980233179,-840.1228041364309
1.48,10000,852.4702951851885,19.58169745846419,1082.7285345097268,-847.2744935466088
1.49,10000,858.9384674504731,19.72337988264272,1088.3585031604725,-854.2854480839036
1.5,10000,865.3153708310947,19.863344768656248,1093.9162367069036,-861.1593218548667
1.51,10000,871.6248566271346,20.001923027248054,1099.401959286085,-867.8996500677396
1.52,10000,877.8634101142801,20.139008564010044,1104.8159767766983,-874.5098537109103
1.53,10000,884.0115955763947,20.274189784948057,1110.1586680076553,-880.9932440148517
1.54,10000,890.0751748090712,20.407718678053126,1115.4304767613112,-887.3530267091852
1.55,10000,896.0486031066087,20.53948483126598,1120.6319045000987,-893.5923060856154
1.56,10000,901.9372967670827,20.669495477289537,1125.763503751927,-899.7140888769246
1.57,10000,907.7324295247234,20.79776021787366,1130.8258720955657,-905.7212879615888
1.58,10000,913.4327147606609,20.924151229389352,1135.8196466925926,-911.6167259030581
1.59,10000,919.0390109702513,21.04874326012806,1140.7454993172591,-917.4031383321177
1.6,10000,924.5560894228599,21.1715189714789,1145.6041318401524,-923.0831771804126
1.61,10000,929.9859002611166,21.29249547324227,1150.396272125394,-928.6594137725834
1.62,10000,935.3229876093669,21.411527677272044,1155.1226703048385,-934.1343417841537
1.63,10000,940.5700045393927,21.528782551971418,1159.7840953960326,-939.5103800719019
1.64,10000,945.7362911183849,21.644426612432635,1164.3813322335814,-944.789875382958
1.65,10000,950.8201763895419,21.758416470708834,1168.9151786864272,-949.9751049486734
1.66,10000,955.8269614164229,21.87080488391671,1173.3864431359073,-955.0682789688628
1.67,10000,960.750994330493,21.981510321812646,1177.7959421917203,-960.0715429917384
1.68,10000,965.5944665973904,22.090521854209637,1182.1444986249937,-964.986980194588
1.69,10000,970.3563695793708,22.197786207001055,1186.4329394994475,-969.816613569936
1.7,10000,975.0399451238586,22.30340327425203,1190.6620944833935,-974.5624080217378
1.71,10000,979.646987178996,22.407390967530315,1194.832794326721,-979.2262723757837
1.72,10000,984.1785598893911,22.50977699089257,1198.9458694885257,-983.8100613084097
1.73,10000,988.637971967068,22.61071792465347,1203.002148902271,-988.3155771973417
1.74,10000,993.0277699482564,22.710256260670302,1207.0024588664157,-992.7445718982123
1.75,10000,997.3484345151384,22.80830745917777,1210.9476220496344,-997.0987484502463
1.76,10000,1001.5990397689706,22.904869933411458,1214.8384566006469,-1001.3797627143648
1.77,10000,1005.7808250585042,23.00000008855247,1218.6757753534848,-1005.589224946749
1.78,10000,1009.8938751894982,23.09364773808521,1222.460385119852,-1009.7287013107689
1.79,10000,1013.9424396568652,23.185894345929196,1226.1930860610473,-1013.7997153301508
1.8,10000,1017.9283005267155,23.276821243697203,1229.8746711323524,-1017.8037492858667
1.81,10000,1021.8511306362996,23.36634672056804,1233.5059255936594,-1021.7422455594082
1.82,10000,1025.7130493411437,23.454564058802315,1237.087626580378,-1025.6166079246548
1.83,10000,1029.5137680869325,23.54146576932817,1240.6205427293714,-1029.4282027906947
1.84,10000,1033.2532178886338,23.62699115418981,1244.1054338550716,-1033.1783603977487
1.85,10000,1036.933017629636,23.711218012972058,1247.543050671229,-1036.8683759681537
1.86,10000,1040.5544425513847,23.79417883135475,1250.9341345542562,-1040.4995108143899
1.87,10000,1044.1200627207745,23.875931443834837,1254.2794173444806,-1044.0729934060391
1.88,10000,1047.6305201684638,23.9564906096803,1257.579621181761,-1047.5900203973117
1.89,10000,1051.0862388910718,24.035869274920866,1260.8354583724704,-1051.0517576169423
1.9,10000,1054.488624225137,24.114093181599554,1264.047631284898,-1054.4593410219616
1.91,10000,1057.8381794613958,24.191153379463948,1267.2168322703963,-1057.8138776168234
1.92,10000,1061.1363698053638,24.26710476721668,1270.3437436080358,-1061.1164463394848
1.93,10000,1064.3840112982757,24.341983115316115,1273.4290374703644,-1064.368098915622
1.94,10000,1067.58205257349,24.415791690986588,1276.4733759083779,-1067.5698606824176
1.95,10000,1070.7313189787671,24.488518865286917,1279.477410853804,-1070.7227313831154
1.96,10000,1073.8330390840408,24.560224508693675,1282.4417841370328,-1073.8276859335665
1.97,10000,1076.888907060093,24.63099874509261,1285.367127519095,-1076.885675161852
1.98,10000,1079.8991820107024,24.700780292848034,1288.2540627363214,-1079.8976265221245
1.99,10000,1082.865076461627,24.769719862598215,1291.1032015563671,-1082.8644447836823
2.0,10000,1085.7872492780095,24.83778773770414,1293.9151458443303,-1085.7870126961968
2.01,10000,1088.6663311825987,24.90503275044159,1296.6904876380381,-1088.6661916321877
2.02,10000,1091.5029428429382,24.971351835974534,1299.4298092313206,-1091.5028222074768
2.03,10000,1094.2978270616215,25.036711813489056,1302.133683264477,-1094.2977248805955
2.04,10000,1097.0517847070466,25.10113091505583,1304.8026728210657,-1097.051700531939
2.05,10000,1099.765597629466,25.164626941665762,1307.4373315302212,-1099.7655310234175
2.06,10000,1102.4400403467762,25.22722103052622,1310.0382036738579,-1102.4399797394208
2.07,10000,1105.0758517523516,25.28892795816779,1312.6058242980623,-1105.0757921097581
2.08,10000,1107.6737548279102,25.349762623426525,1315.1407193281223,-1107.6736961152835
2.09,10000,1110.234460593043,25.409741224486204,1317.6434056866538,-1110.234402776871
2.1,10000,1112.7586635803746,25.468879585666404,1320.1143914143543,-1112.7586066283811
2.11,10000,1115.2470422930576,25.52719316778002,1322.554175792878,-1115.2469861741547
2.12,10000,1117.7002596474697,25.584697078155923,1324.9632494695184,-1117.7002043317132
2.13,10000,1120.1189634015884,25.641406080337383,1327.3420945832581,-1120.118908860134
2.14,10000,1122.503786569611,25.697334603469336,1329.6911848918808,-1122.5037327746736
2.15,10000,1124.8553478233264,25.752496751385628,1332.0109858998464,-1124.8552947481398
2.16,10000,1127.1742518806836,25.806906311406635,1334.3019549866092,-1127.174199499462
2.17,10000,1129.4610898821084,25.8605767628595,1336.564541535209,-1129.4610381700097
2.18,10000,1131.7164397549204,25.91352128532912,1338.7991870608246,-1131.7163886880112
2.19,10000,1133.9408665663427,25.96575276665087,1341.006325339132,-1133.9408161215638
2.2,10000,1136.134922865487,26.017283810653936,1343.1863825342705,-1136.1348730206207
2.21,10000,1138.2991490147197,26.068126744664205,1345.3397773262461,-1138.2990997483582
2.22,10000,1140.4340735107771,26.11829362677522,1347.4669210376233,-1140.434024802293
2.23,10000,1142.5402132960126,26.16779625289577,1349.5682177593808,-1142.540165125528
2.24,10000,1144.6180740601037,26.216646163581597,1351.6440644757988,-1144.6180264084649
2.25,10000,1146.6681505325564,26.26485465065878,1353.6948511882647,-1146.6681033813047
2.26,10000,1148.6909267663368,26.31243276364638,1355.7209610379161,-1148.6908800976835
2.27,10000,1150.6868764129492,26.35939131598542,1357.7227704270442,-1150.686830209751
2.28,10000,1152.6564629892237,26.405740891080303,1359.7006491391514,-1152.6564172349576
2.29,10000,1154.6001401361264,26.45149184815969,1361.6549604576235,-1154.6000948148687
2.3,10000,1156.5183518698686,26.496654327963004,1363.5860612829636,-1156.5183069662705
2.31,10000,1158.4115328255416,26.541238258257867,1365.4943022485036,-1158.4114883248092
2.32,10000,1160.2801084935877,26.585253359195367,1367.3800278346034,-1160.2800643814614
2.33,10000,1162.1244954492963,26.62870914850753,1369.2435764812565,-1162.1244517120308
2.34,10000,1163.9451015756026,26.671614946553046,1371.0852806991038,-1163.945058199948
2.35,10000,1165.7423262793673,26.713979881215728,1372.9054671787983,-1165.742283252551
2.36,10000,1167.516560701414,26.755812892661396,1374.704456898748,-1167.5165180111226
2.37,10000,1169.268187920473,26.797122737957164,1376.4825652311763,-1169.2681455548368
2.38,10000,1170.9975831512675,26.837917995557852,1378.2401020465063,-1170.997541098842
2.39,10000,1172.7051139369426,26.87820706966462,1379.9773718160925,-1172.7050721866947
2.4,10000,1174.391140335983,26.917998194458725,1381.6946737132346,-1174.3910988772757
2.41,10000,1176.0560151038387,26.95729943821552,1383.3923017125237,-1176.0559739264156
2.42,10000,1177.7000838694096,26.9961187073022,1385.0705446875036,-1177.7000429633815
2.43,10000,1179.3236853065684,27.034463750063153,1386.729686506659,-1179.3236446624007
2.44,10000,1180.9271513008648,27.072342160596264,1388.3700061277207,-1180.9271109093634
2.45,10000,1182.5108071115912,27.109761382424285,1389.9917776903312,-1182.51076696389
2.46,10000,1184.0749715293198,27.146728712063734,1391.5952706070302,-1184.0749316168703
2.47,10000,1185.6199570291012,27.183251302495503,1393.1807496526305,-1185.619917343659
2.48,10000,1187.1460699194324,27.219336166539833,1394.7484750519632,-1187.1460304530472
2.49,10000,1188.6536104871238,27.25499018013837,1396.2987025659997,-1188.6535712321286
2.5,10000,1190.1428731382011,27.29022008554661,1397.8316835763865,-1190.142834087202
2.51,10000,1191.6141465350163,27.325032494440364,1399.3476651684439,-1191.6141076808815
2.52,10000,1193.0677137295638,27.35943389093659,1400.8468902125433,-1193.0676750654163
2.53,10000,1194.5038522932534,27.393430634533722,1402.3295974439964,-1194.5038138124592
2.54,10000,1195.922834443183,27.42702896297311,1403.7960215414307,-1195.9227961393447
2.55,10000,1197.3249271649834,27.460234995022564,1405.246393203615,-1197.3248890319296
2.56,10000,1198.710392332459,27.493054733187645,1406.680939224896,-1198.7103543642372
2.57,10000,1200.0794868239689,27.525494066348998,1408.099882569094,-1200.0794490148378
2.58,10000,1201.4324626357763,27.55755877233119,1409.503442442025,-1201.4324249801978
2.59,10000,1202.769566992395,27.589254520403472,1410.8918343625967,-1202.7695294850264
2.6,10000,1204.0910424540316,27.62058687371487,1412.2652702325147,-1204.091005089719
2.61,10000,1205.3971270212098,27.651561291665573,1413.623958404619,-1205.397089794982
2.62,10000,1206.6880542366869,27.68218313221683,1414.9681037498972,-1206.6880171437474
2.63,10000,1207.964053284692,27.712457654140476,1416.2979077231503,-1207.9640163204142
2.64,10000,1209.2253490876342,27.742390019210934,1417.6135684273959,-1209.2253122475543
2.65,10000,1210.4721624002773,27.77198529434013,1418.9152806769605,-1210.4721256800885
2.66,10000,1211.7047099015276,27.80124845365817,1420.2032360593482,-1211.7046732970748
2.67,10000,1212.9232042838532,27.83018438054055,1421.4776229958627,-1212.9231677911278
2.68,10000,1214.1278543404437,27.858797869584134,1422.7386268010403,-1214.1278179555777
2.69,10000,1215.3188650501236,27.887093628532362,1423.9864297408662,-1215.3188287693852
2.7,10000,1216.4964376601674,27.915076280152846,1425.221211089876,-1216.4964014799555
2.71,10000,1217.6607697669683,27.94275036406652,1426.44314718706,-1217.660733683808
2.72,10000,1218.8120553947283,27.970120338531952,1427.652411490692,-1218.8120194052674
2.73,10000,1219.95048507216,27.997190582184555,1428.8491746320449,-1219.9504491731632
2.74,10000,1221.0762459072646,28.023965395732414,1430.0336044680118,-1221.0762100956097
2.75,10000,1222.1895216602932,28.05044900361085,1431.20586613272,-1222.189485932968
2.76,10000,1223.2904928148387,28.07664555559477,1432.366122088036,-1223.2904571689357
2.77,10000,1224.379336647239,28.102559128372697,1433.5145321731295,-1224.3793010799527
2.78,10000,1225.4562272942298,28.128193727081275,1434.651253652992,-1225.456191802853
2.79,10000,1226.521335818963,28.15355328680268,1435.7764412660008,-1226.5213004008822
2.8,10000,1227.5748302754055,28.178641674025435,1436.890247270526,-1227.5747949280994
2.81,10000,1228.6168757711735,28.20346268806975,1437.992821490593,-1228.6168404922078
2.82,10000,1229.647634528861,28.228020062478866,1439.0843113606513,-1229.6475993158874
2.83,10000,1230.6672659458416,28.252317466375686,1440.164861969392,-1230.6672307965919
2.84,10000,1231.6759266526967,28.27635850578852,1441.234616102756,-1231.6758915649832
2.85,10000,1232.673770570185,28.30014672494354,1442.2937142860164,-1232.6737355418961
2.86,10000,1233.6609489648793,28.32368560752733,1443.3422948250454,-1233.6609139939758
2.87,10000,1234.637610503491,28.34697857791953,1444.3804938467702,-1234.6375755880053
2.88,10000,1235.6039013058576,28.37002900239532,1445.4084453387609,-1235.6038664438909
2.89,10000,1236.559964996735,28.392840190300767,1446.4262811880944,-1236.5599301864534
2.9,10000,1237.505942756331,28.415415395199762,1447.4341312193924,-1237.5059079959647
2.91,10000,1238.4419733696684,28.43775781599432,1448.4321232321192,-1238.4419386575091
2.92,10000,1239.3681932747845,28.4598705980187,1449.4203830371252,-1239.3681586091832
2.93,10000,1240.2847366097983,28.48175683410778,1450.3990344924537,-1240.2847019891626
2.94,10000,1241.1917352589205,28.503419565641487,1451.3681995384675,-1241.1917006817139
2.95,10000,1242.0893188973469,28.52486178356399,1452.3279982322285,-1242.0892843620854
2.96,10000,1242.9776150351584,28.546086429380374,1453.2785487812316,-1242.97758054041
2.97,10000,1243.8567490601718,28.56709639612961,1454.2199675764355,-1243.8567146045532
2.98,10000,1244.7268442798415,28.587894529335916,1455.152369224664,-1244.726809862018
2.99,10000,1245.5880219621895,28.608483627938202,1456.0758665803544,-1245.5879875808719
3.0,10000,1246.4404013757955,28.62886644519822,1456.9905707766716,-1246.4403670297395
3.01,10000,1247.2840998288757,28.649045689588075,1457.8965912559997,-1247.2840655168798
3.02,10000,1248.1192327075044,28.669024025658306,1458.7940357998589,-1248.1191984284085
3.03,10000,1248.9459135129546,28.688804074885958,1459.6830105582171,-1248.9458792656383
3.04,10000,1249.7642538981625,28.708388416503027,1460.5636200781814,-1249.7642196815445
3.05,10000,1250.5743637034643,28.72777958830809,1461.435967332223,-1250.5743295165007
3.06,10000,1251.3763509914324,28.746980087457825,1462.3001537457344,-1251.3763168331145
3.07,10000,1252.1703220810045,28.765992371242415,1463.1562792241268,-1252.1702879503591
3.08,10000,1252.9563815808322,28.784818857843185,1464.0044421793632,-1252.9563474769186
3.09,10000,1253.7346324218788,28.803461927073403,1464.844739555969,-1253.7345983437897
3.1,10000,1254.5051758893296,28.82192392110336,1465.677266856557,-1254.505141836188
3.11,10000,1255.2681116537565,28.840207145168627,1466.502118166819,-1255.268077624716
3.12,10000,1256.023537801642,28.858313868263803,1467.3193861800687,-1256.0235037958848
3.13,10000,1256.7715508652063,28.876246323820453,1468.1291622212782,-1256.7715168819434
3.14,10000,1257.5122458515964,28.894006710370583,1468.931536270661,-1257.5122118900654
3.15,10000,1258.245716271447,28.911597192195913,1469.7265969868035,-1258.2456823309114
3.16,10000,1258.972054166794,28.929019899962494,1470.5144317293207,-1258.9720202465426
3.17,10000,1259.6913501384274,28.946276931342545,1471.2951265811143,-1259.6913162377737
3.18,10000,1260.403693372616,28.96337035162216,1472.0687663701653,-1260.403659490897
3.19,10000,1261.1091716672902,28.980302194296648,1472.8354346909343,-1261.1091378038657
3.2,10000,1261.8078714576393,28.99707446165265,1473.5952139253318,-1261.8078376118901
3.21,10000,1262.4998778411757,29.0136891253382,1474.3481852632908,-1262.4998440125046
3.22,10000,1263.1852746022523,29.03014812692036,1475.094428722941,-1263.1852407900824
3.23,10000,1263.864144236094,29.046453378431785,1475.8340231704224,-1263.8641104398678
3.24,10000,1264.5365679722838,29.062606762905073,1476.5670463392896,-1264.536534191463
3.25,10000,1265.2026257977564,29.078610134895843,1477.2935748495472,-1265.202592031821
3.26,10000,1265.8623964793437,29.094465320995646,1478.013684226357,-1265.8623627277916
3.27,10000,1266.5159575857972,29.11017412033312,1478.727448918342,-1266.5159238481433
3.28,10000,1267.1633855093974,29.125738305065706,1479.4349423155882,-1267.163351785173
3.29,10000,1267.8047554870786,29.141159620860368,1480.1362367672748,-1267.8047217758312
3.3,10000,1268.4401416211379,29.156439787364942,1480.83140359899,-1268.4401079224303
3.31,10000,1269.0696168994957,29.171580498669304,1481.5205131297073,-1269.0695832129059
3.32,10000,1269.6932532155495,29.186583423757266,1482.2036346884465,-1269.6932195406691
3.33,10000,1270.3111213876252,29.201450206949442,1482.880836630637,-1270.3110877240606
3.34,10000,1270.9232911780055,29.216182468336427,1483.5521863541435,-1270.923257525376
3.35,10000,1271.529831311598,29.230781804203883,1484.2177503150263,-1271.5297976695354
3.36,10000,1272.1308094941887,29.24524978744817,1484.8775940429712,-1272.1307758623377
3.37,10000,1272.7262924303643,29.259587967984523,1485.5317821564747,-1272.726258808382
3.38,10000,1273.3163458410324,29.273797873146062,1486.180378377707,-1273.3163122285875
3.39,10000,1273.9010344806138,29.287881008075356,1486.8234455471268,-1273.9010008773857
3.4,10000,1274.4804221538695,29.301838856107782,1487.461045637806,-1274.4803885595488
3.41,10000,1275.0545717324007,29.31567287914738,1488.0932397695042,-1275.0545381466884
3.42,10000,1275.623545170806,29.329384518035013,1488.7200882224693,-1275.6235115934132
3.43,10000,1276.1874035225374,29.3429751929096,1489.3416504510076,-1276.1873699531852
3.44,10000,1276.7462069554074,29.35644630356152,1489.9579850967718,-1276.7461733938267
3.45,10000,1277.3000147668251,29.36979922977983,1490.5691500018436,-1277.299981212755
3.46,10000,1277.8488853986914,29.383035331691765,1491.1752022215364,-1277.8488518518802
3.47,10000,1278.392876452022,29.396155950096027,1491.7761980369914,-1278.3928429122266
3.48,10000,1278.9320447012856,29.4091624067897,1492.3721929675442,-1278.932011168271
3.49,10000,1279.4664461084317,29.42205600488802,1492.963241782838,-1279.466412581971
3.5,10000,1279.9961358366936,29.43483802913906,1493.5493985147712,-1279.9961023165677
3.51,10000,1280.5211682640577,29.44750974623096,1494.1307164691618,-1280.5211347500544
3.52,10000,1281.0415969965202,29.460072405094166,1494.7072482372532,-1281.0415634884346
3.53,10000,1281.5574748810748,29.47252723719768,1495.279045707001,-1281.5574413787092
3.54,10000,1282.0688540184071,29.484875456838626,1495.8461600741143,-1282.0688205215708
3.55,10000,1282.575785775419,29.4971182614279,1496.4086418529787,-1282.575752283927
3.56,10000,1283.078320797435,29.509256831768727,1496.966540887301,-1283.0782873111086
3.57,10000,1283.5765090202347,29.521292332331107,1497.5199063606312,-1283.5764755389014
3.58,10000,1284.0703996817956,29.533225911519878,1498.068786806634,-1284.0703662052888
3.59,10000,1284.5600413338682,29.54505870193877,1498.6132301192351,-1284.560007862027
3.6,10000,1285.0454818532928,29.556791820648776,1499.1532835625517,-1285.0454483859614
3.61,10000,1285.5267684531138,29.56842636942177,1499.688993780659,-1285.526734990142
3.62,10000,1286.0039476934699,29.579963434989164,1500.2204068071712,-1286.003914234712
3.63,10000,1286.477065492305,29.59140408928643,1500.74756807468,-1286.4770320376208
3.64,10000,1286.9461671358415,29.602749389692228,1501.2705224239899,-1286.9461336850952
3.65,10000,1287.4112972888815,29.61400037926366,1501.7893141132224,-1287.4112638419424
3.66,10000,1287.8725000049126,29.625158086966984,1502.3039868267506,-1287.8724665616528
3.67,10000,1288.3298187360033,29.63622352790378,1502.8145836839647,-1288.3297852963012
3.68,10000,1288.7832963425512,29.64719770353344,1503.3211472479127,-1288.7832629062884
3.69,10000,1289.2329751027883,29.65808160189045,1503.8237195337392,-1289.23294166985
3.7,10000,1289.678896722192,29.66887619779938,1504.3223420170546,-1289.6788632924677
3.71,10000,1290.1211023426258,29.679582453083718,1504.8170556420619,-1290.1210689160087
3.72,10000,1290.5596325514039,29.690201316773056,1505.3079008296402,-1290.5595991277908
3.73,10000,1290.9945273901262,29.700733725304936,1505.7949174852236,-1290.994493969417
3.74,10000,1291.425826363372,29.711180602723687,1506.278145006565,-1291.4257929454702
3.75,10000,1291.8535684472151,29.721542860875,1506.757622291349,-1291.853535032028
3.76,10000,1292.2777920976332,29.731821399598175,1507.2333877447231,-1292.27775868507
3.77,10000,1292.6985352586885,29.742017106913266,1507.705479286626,-1292.6985018486625
3.78,10000,1293.1158353706405,29.75213085920647,1508.1739343590693,-1293.1158019630675
3.79,10000,1293.5297293778353,29.762163521410674,1508.638789933222,-1293.5296959726338
3.8,10000,1293.9402537365004,29.772115947183668,1509.1000825164201,-1293.9402203335917
3.81,10000,1294.3474444223782,29.781988979082847,1509.5578481590385,-1294.3474110216862
3.82,10000,1294.7513369382489,29.79178344873717,1510.0121224612728,-1294.7513035397
3.83,10000,1295.1519663212653,29.80150017701519,1510.4629405797546,-1295.1519329247888
3.84,10000,1295.5493671502027,29.81113997419078,1510.9103372340983,-1295.54933375573
3.85,10000,1295.943573552575,29.820703640106068,1511.354346713339,-1295.943540160039
3.86,10000,1296.334619211574,29.830191964330314,1511.7950028822086,-1296.3345858209113
3.87,10000,1296.722537372975,29.839605726317853,1512.2323391873963,-1296.722503984123
3.88,10000,1297.1073608518063,29.848945695560943,1512.6663886635931,-1297.1073274647058
3.89,10000,1297.489122039021,29.858212631742404,1513.0971839395556,-1297.4890886536134
3.9,10000,1297.8678529079348,29.867407284883118,1513.5247572439494,-1297.8678195241646
3.91,10000,1298.2435850206525,29.876530395489166,1513.949140411202,-1298.243551638465
3.92,10000,1298.616349534302,29.88558269469463,1514.3703648871772,-1298.6163161536451
3.93,10000,1298.986177207197,29.8945649044028,1514.7884617347904,-1298.9861438280202
3.94,10000,1299.353098404902,29.90347773742502,1515.2034616395472,-1299.3530650271564
3.95,10000,1299.7171431061483,29.912321897616394,1515.6153949149445,-1299.7171097297867
3.96,10000,1300.0783409086894,29.921098080009834,1516.0242915078222,-1300.0783075336658
3.97,10000,1300.4367210350447,29.92980697094777,1516.430181003625,-1300.4366876613149
3.98,10000,1300.7923123381183,29.938449248210908,1516.8330926315423,-1300.7922789656395
3.99,10000,1301.1451433067336,29.947025581145166,1517.2330552695864,-1301.1451099354647
4.0,10000,1301.4952420711084,29.955536630787083,1517.6300974496176,-1301.4952087010097
4.01,10000,1301.842636408174,29.9639830499859,1518.0242473622284,-1301.8426030392066
4.02,10000,1302.1873537468434,29.972365483524342,1518.4155328615882,-1302.1873203789698
4.03,10000,1302.529421173182,29.980684568237166,1518.8039814702029,-1302.5293878063665
4.04,10000,1302.8688654354762,29.988940933127488,1519.1896203835802,-1302.8688320696838
4.05,10000,1303.2057129492346,29.997135199481473,1519.572476474845,-1303.2056795844317
4.06,10000,1303.539989802089,30.005267980980804,1519.9525762992585,-1303.5399564382426
4.07,10000,1303.871721758621,30.013339883813433,1520.329946098678,-1303.8716883957002
4.08,10000,1304.200934265096,30.021351506782224,1520.704611805931,-1304.2009009030696
4.09,10000,1304.5276524541307,30.029303441412086,1521.0765990491363,-1304.5276190929696
4.1,10000,1304.8519011492772,30.037196272055205,1521.4459331559478,-1304.8518677889529
4.11,10000,1305.173704869517,30.045030575994215,1521.8126391577186,-1305.173671510002
4.12,10000,1305.4930878336977,30.052806923544097,1522.1767417936185,-1305.4930544749654
4.13,10000,1305.810073964892,30.0605258781522,1522.538265514679,-1305.8100406069163
4.14,10000,1306.1246868946628,30.06818799649634,1522.8972344877595,-1306.1246535374194
4.15,10000,1306.4369499672932,30.075793828581798,1523.2536725994767,-1306.4369166107576
4.16,10000,1306.7468862439111,30.083343917836224,1523.607603460048,-1306.74685288806
4.17,10000,1307.0545185065657,30.09083880120319,1523.9590504070861,-1307.0544851513769
4.18,10000,1307.3598692622365,30.098279009234385,1524.3080365093376,-1307.3598359076877
4.19,10000,1307.6629607467614,30.105665066179842,1524.6545845703479,-1307.6629273928322
4.2,10000,1307.9638149287127,30.11299749007707,1524.9987171320809,-1307.9637815753822
4.21,10000,1308.2624535132006,30.120276792838453,1525.3404564784728,-1308.2624201604492
4.22,10000,1308.5588979456343,30.127503480337726,1525.6798246389512,-1308.5588645934433
4.23,10000,1308.8531694153799,30.134678052494145,1526.0168433918582,-1308.8531360637312
4.24,10000,1309.1452888594142,30.14180100335641,1526.3515342678736,-1309.1452555082894
4.25,10000,1309.4352769658615,30.148872821184096,1526.6839185533295,-1309.4352436152435
4.26,10000,1309.723154177523,30.1558939885288,1527.0140172935241,-1309.7231208273952
4.27,10000,1310.0089406953089,30.16286498231313,1527.3418512959436,-1310.0089073456552
4.28,10000,1310.292656481639,30.169786273908922,1527.667441133455,-1310.292623132444
4.29,10000,1310.5743212637913,30.176658329214302,1527.9908071474604,-1310.5742879150398
4.3,10000,1310.8539545371618,30.183481608728723,1528.3119694509596,-1310.8539211888394
4.31,10000,1311.1315755685173,30.190256567627866,1528.6309479316176,-1311.13154222061
4.32,10000,1311.407203399171,30.196983655836675,1528.947762254756,-1311.4071700516652
4.33,10000,1311.6808568481022,30.203663318101242,1529.2624318662945,-1311.6808235009842
4.34,10000,1311.9525545150448,30.210295994059926,1529.5749759956707,-1311.9525211683024
4.35,10000,1312.2223147835086,30.21688211831293,1529.885413658688,-1312.2222814371296
4.36,10000,1312.4901558237693,30.22342212049116,1530.1937636603475,-1312.4901224777418
4.37,10000,1312.7560955957922,30.229916425323555,1530.5000445976104,-1312.7560622501046
4.38,10000,1313.0201518521196,30.2363654527037,1530.8042748621328,-1313.0201185067604
4.39,10000,1313.2823421407252,30.242769617755506,1531.1064726429713,-1313.2823087956838
4.4,10000,1313.5426838077915,30.249129330897297,1531.4066559292128,-1313.5426504630577
4.41,10000,1313.8011940004783,30.255444997905524,1531.7048425126038,-1313.8011606560422
4.42,10000,1314.0578896696138,30.26171701997692,1532.0010499901048,-1314.0578563254655
4.43,10000,1314.3127875723783,30.267945793790297,1532.2952957664386,-1314.312754228508
4.44,10000,1314.5659042749244,30.27413171156696,1532.5875970565828,-1314.5658709313238
4.45,10000,1314.8172561549452,30.280275161130003,1532.8779708882125,-1314.8172228116046
4.46,10000,1315.0668594042377,30.28637652596337,1533.1664341041417,-1315.0668260611494
4.47,10000,1315.314730031195,30.292436185269366,1533.4530033646956,-1315.3146966883503
4.48,10000,1315.5608838632722,30.298454514025565,1533.737695150063,-1315.560850520663
4.49,10000,1315.8053365494136,30.304431883040785,1534.0205257626124,-1315.8053032070327
4.5,10000,1316.0481035624398,30.310368659010212,1534.3015113291676,-1316.0480702202794
4.51,10000,1316.289200201399,30.316265204569653,1534.5806678032568,-1316.2891668594516
4.52,10000,1316.5286415938895,30.322121878349172,1534.8580109673337,-1316.528608252149
4.53,10000,1316.7664426983263,30.32793903502535,1535.1335564349397,-1316.7664093567853
4.54,10000,1317.0026183062005,30.333717025373545,1535.407319652874,-1317.0025849648532
4.55,10000,1317.237183044277,30.339456196318604,1535.6793159032925,-1317.2371497031163
4.56,10000,1317.4701513767764,30.34515689098527,1535.949560305802,-1317.4701180357968
4.57,10000,1317.7015376075215,30.35081944874774,1536.2180678195184,-1317.7015042667165
4.58,10000,1317.9313558820465,30.35644420527842,1536.4848532450899,-1317.9313225414107
4.59,10000,1318.1596201896705,30.362031492595843,1536.749931226688,-1318.1595868491981
4.6,10000,1318.3863443655473,30.36758163911203,1537.0133162539787,-1318.3863110252335
4.61,10000,1318.611542092687,30.373094969679215,1537.2750226640646,-1318.611508752526
4.62,10000,1318.8352269039297,30.378571805635467,1537.5350646433835,-1318.835193563917
4.63,10000,1319.0574121839197,30.38401246485034,1537.7934562296107,-1319.0573788440506
4.64,10000,1319.2781111710092,30.389417261768887,1538.0502113134905,-1319.2780778312788
4.65,10000,1319.4973369591773,30.394786507456057,1538.3053436406885,-1319.4973036195809
4.66,10000,1319.7151024998798,30.400120509639457,1538.5588668135726,-1319.7150691604131
4.67,10000,1319.9314206039105,30.405419572752418,1538.8107942930123,-1319.9313872645694
4.68,10000,1320.1463039431937,30.41068399797546,1539.0611394001073,-1320.1462706039742
4.69,10000,1320.3597650525858,30.41591408327801,1539.309915317929,-1320.3597317134838
4.7,10000,1320.5718163316292,30.421110123458977,1539.5571350932175,-1320.571782992641
4.71,10000,1320.7824700462888,30.42627241018688,1539.802811638059,-1320.7824367074106
4.72,10000,1320.9917383306567,30.43140123203944,1540.0469577315375,-1320.991704991885
4.73,10000,1321.1996331886396,30.436496874542552,1540.28958602137,-1321.199599849971
4.74,10000,1321.4061664956137,30.44155962020859,1540.5307090255076,-1321.4061331570447
4.75,10000,1321.611350000057,30.446589748574326,1540.7703391337209,-1321.6113166615844
4.76,10000,1321.8151953251659,30.45158753623825,1541.0084886091668,-1321.8151619867863
4.77,10000,1322.0177139704363,30.45655325689724,1541.245169589925,-1322.0176806321467
4.78,10000,1322.2189173132272,30.461487181382836,1541.4803940905156,-1322.218883975025
4.79,10000,1322.4188166103013,30.466389577696884,1541.7141740033976,-1322.4187832721836
4.8,10000,1322.617422999342,30.47126071104666,1541.9465211004422,-1322.617389661306
4.81,10000,1322.814747500452,30.47610084387974,1542.1774470343944,-1322.8147141624954
4.82,10000,1323.0108010176218,30.480910235917904,1542.4069633402992,-1323.0107676797415
4.83,10000,1323.2055943401906,30.48568914419106,1542.6350814369268,-1323.2055610023845
4.84,10000,1323.3991381442659,30.4904378230702,1542.8618126281565,-1323.399104806531
4.85,10000,1323.5914429941506,30.495156524300437,1543.0871681043675,-1323.591409656485
4.86,10000,1323.7825193437197,30.49984549703298,1543.3111589437833,-1323.7824860061214
4.87,10000,1323.972377537795,30.504504987857,1543.5337961138127,-1323.9723442002614
4.88,10000,1324.1610278134995,30.509135240831075,1543.755090472374,-1324.1609944760285
4.89,10000,1324.3484803015892,30.513736497514078,1543.9750527691965,-1324.3484469641792
4.9,10000,1324.5347450277575,30.518308996995465,1544.1936936470959,-1324.534711690406
4.91,10000,1324.7198319139393,30.522852975925552,1544.4110236432512,-1324.7197985766447
4.92,10000,1324.903750779582,30.52736866854498,1544.6270531904474,-1324.9037174423427
4.93,10000,1325.0865113429002,30.531856306713905,1544.8417926183063,-1325.086478005714
4.94,10000,1325.268123222126,30.53631611994101,1545.0552521545123,-1325.2680898849912
4.95,10000,1325.4485959367164,30.5407483354115,1545.267441925994,-1325.4485625996315
4.96,10000,1325.627938908564,30.54515317801535,1545.478371960114,-1325.6279055715274
4.97,10000,1325.8061614631943,30.54953087037495,1545.688052185844,-1325.8061281262044
4.98,10000,1325.9832728309211,30.55388163287211,1545.8964924349,-1325.9832394939763
4.99,10000,1326.1592821480087,30.55820568367497,1546.1037024428829,-1326.1592488111075
5.0,10000,1326.3341984578099,30.562503238764506,1546.3096918503995,-1326.3341651209512
