p,Métrica,n,MAE (m),MAPE (%),RMSE (m),Viés médio (m),Tortuosidade média,Tortuosidade mediana
1.0,d_1,10000,1479.6497246614986,13.751194015286012,2060.1563896389243,-253.30093414593284,1.0713813085965151,1.0200468524270492
1.01,d_1.01,10000,1466.5569820298708,13.645392798635335,2044.9701221701853,-311.49581388995443,1.0768318857435644,1.0257388519200585
1.02,d_1.02,10000,1455.504828433656,13.557412121735025,2032.4183964386082,-368.0419365821057,1.0821850794101453,1.0315972882052389
1.03,d_1.03,10000,1446.2877239659588,13.485019417978156,2022.3427265633848,-423.00326178672333,1.0874430856359778,1.0369213265432764
1.04,d_1.04,10000,1438.742717093071,13.42707440203766,2014.5876175448966,-476.4405884267936,1.092608044081743,1.0420885569614247
1.05,d_1.05,10000,1432.7918368585497,13.383417985054384,2009.0012096153318,-528.41174429105,1.0976820394612035,1.0471528118809124
1.06,d_1.06,10000,1428.4707120572737,13.353665065345698,2005.435875431618,-578.9717622239092,1.1026671029522666,1.052396144016721
1.07,d_1.07,10000,1425.6633318509294,13.336471438224933,2003.7487536550332,-628.173044067309,1.1075652135852436,1.057524533486653
1.08,d_1.08,10000,1424.3374887884304,13.331509067321836,2003.8022072186845,-676.0655133279879,1.1123782996069282,1.0621550948943588
1.09,d_1.09,10000,1424.3586769594635,13.338217587778217,2005.464199190916,-722.6967574562267,1.1171082398192969,1.066988391542596
1.1,d_1.1,10000,1425.869918810822,13.35749491017317,2008.6085833444988,-768.1121605447771,1.1217568648919582,1.071712861838288
1.11,d_1.11,10000,1428.6836967256347,13.387827526517233,2013.1153101608093,-812.3550271852561,1.1263259586475856,1.0761247229198263
1.12,d_1.12,10000,1432.6443049155257,13.42748632977907,2018.870551936801,-855.4666981561843,1.1308172593198162,1.0804203097214935
1.13,d_1.13,10000,1437.7066254935053,13.476129299041803,2025.7667528906156,-897.4866585590277,1.135232460783245,1.0849850312131593
1.14,d_1.14,10000,1443.6040387141259,13.533522676114709,2033.7026117052235,-938.4526389661029,1.1395732137552426,1.089044093305997
1.15,d_1.15,10000,1450.1468083513078,13.597915185447672,2042.5830048746757,-978.400710097449,1.143841126969509,1.0932772756220541
1.16,d_1.16,10000,1457.5004802241979,13.670315599051802,2052.318859613913,-1017.3653715003019,1.1480377683213274,1.0976335880113286
1.17,d_1.17,10000,1465.6811165013269,13.750543551834056,2062.8269850622337,-1055.3796346661882,1.152164665984605,1.1012519312057867
1.18,d_1.18,10000,1474.7846919800227,13.838378832140753,2074.029870153529,-1092.4751009851548,1.1562233095008676,1.1053184828247051
1.19,d_1.19,10000,1484.6920466729423,13.932969436730616,2085.8554559377253,-1128.682034904285,1.160215150840428,1.109062003335488
1.2,d_1.2,10000,1495.2681183473615,14.033810043930906,2098.236889400394,-1164.029432628441,1.1641416054360176,1.1128223244582156
1.21,d_1.21,10000,1506.551990386303,14.14128587980863,2111.112265009871,-1198.5450866744557,1.1680040531892377,1.1169130188604022
1.22,d_1.22,10000,1518.4117070681084,14.254462544708618,2124.4243593778688,-1232.255646565325,1.171803839450192,1.1205002332864955
1.23,d_1.23,10000,1530.6907833908551,14.371801544437558,2138.1203635917386,-1265.1866759290342,1.1755422759707412,1.1240826010500062
1.24,d_1.24,10000,1543.4175052371188,14.493436133681097,2152.151616992598,-1297.3627062459398,1.1792206418318179,1.1274838673831562
1.25,d_1.25,10000,1556.5285883636122,14.618576079577027,2166.473345452887,-1328.8072874703212,1.1828401843452954,1.1305142992607928
1.26,d_1.26,10000,1569.950913614289,14.746249644339649,2181.044406559472,-1359.5430357342552,1.1864021199308823,1.1337146354849685
1.27,d_1.27,10000,1583.6294517737633,14.876456481702093,2195.82704353948,-1389.5916783267971,1.1899076349685813,1.1368559463194061
1.28,d_1.28,10000,1597.6704404813268,15.009781559561176,2210.7866492744924,-1418.9740961268271,1.1933578866272292,1.1397509136429607
1.29,d_1.29,10000,1612.0531182733948,15.14629109452545,2225.8915413317955,-1447.7103636548422,1.1967540036696522,1.1424033972661278
1.3,d_1.3,10000,1626.6021523222137,15.284293047741023,2241.112748593362,-1475.8197868968193,1.2000970872349666,1.1452307379231976
1.31,d_1.31,10000,1641.4743005019636,15.424992786779894,2256.4238097778853,-1503.3209390425238,1.203388211598599,1.148429645820776
1.32,d_1.32,10000,1656.5552259204653,15.567576637083322,2271.8005839205453,-1530.2316942699126,1.2066284249105421,1.1512439469671851
1.33,d_1.33,10000,1671.7585320091741,15.711369140325793,2287.221072693334,-1556.5692596983445,1.2098187499124107,1.1539525466459504
1.34,d_1.34,10000,1687.1120599204883,15.85637501860843,2302.6652543076434,-1582.3502056243244,1.212960184633826,1.1564992073598241
1.35,d_1.35,10000,1702.6496890492492,16.002667438727162,2318.1149286350437,-1607.590494145855,1.2160537030686869,1.159348911888429
1.36,d_1.36,10000,1718.4352846022948,16.150565368493268,2333.5535731051095,-1632.3055062738279,1.2191002558318473,1.1616854243332617
1.37,d_1.37,10000,1734.3258607631128,16.298876327651296,2348.9662088863015,-1656.510067622206,1.2221007707967273,1.1642905901007872
1.38,d_1.38,10000,1750.2792818504176,16.44755783055221,2364.339276822619,-1680.2184727626293,1.2250561537143978,1.1666944083596797
1.39,d_1.39,10000,1766.4175248622898,16.597300002875265,2379.6605225806998,-1703.444508322959,1.2279672888146247,1.169021299460407
1.4,d_1.4,10000,1782.5481529266901,16.746738073181028,2394.918890456873,-1726.2014749042655,1.2308350393893988,1.1710790515716214
1.41,d_1.41,10000,1798.7573683820835,16.89625785659831,2410.104425297591,-1748.5022078855557,1.2336602483594383,1.1736417086076125
1.42,d_1.42,10000,1815.0337542074717,17.045800504178704,2425.2081819982263,-1770.3590971811052,1.2364437388241534,1.175751394952182
1.43,d_1.43,10000,1831.3863938210939,17.19557403329122,2440.222142061881,-1791.7841060108622,1.2391863145955435,1.1781529157313384
1.44,d_1.44,10000,1847.7518364774667,17.345157931872407,2455.139136720643,-1812.7887887405782,1.2418887607164997,1.1803426287378063
1.45,d_1.45,10000,1864.1147549834527,17.49469389744415,2469.952776144826,-1833.3843078445345,1.244551843963952,1.182603077653194
1.46,d_1.46,10000,1880.4475984631304,17.643501894465235,2484.6573842908856,-1853.581450040646,1.24717631333735,1.1848497218346061
1.47,d_1.47,10000,1896.8150198480166,17.79199810958866,2499.2479389638006,-1873.3906416438856,1.2497629005328352,1.1872591674590662
1.48,d_1.48,10000,1913.1301047085985,17.939628993825256,2513.720016696446,-1892.8219631820268,1.2523123204036162,1.1894447176162841
1.49,d_1.49,10000,1929.4587842598673,18.086830552959274,2528.069742073338,-1911.8851633139939,1.2548252714068866,1.1916204849321042
1.5,d_1.5,10000,1945.709671615857,18.23312393055748,2542.2937411518164,-1930.589672089313,1.257302436037734,1.1939419126594697
1.51,d_1.51,10000,1961.8867645694918,18.37835629146435,2556.38909865753,-1948.9446135842793,1.2597444812504004,1.196029270450215
1.52,d_1.52,10000,1977.9837615647205,18.522561707729032,2570.353318654782,-1966.9588179487844,1.26215205886731,1.1979993321033608
1.53,d_1.53,10000,1993.9448042564716,18.665425605198337,2584.184288413741,-1984.640832895007,1.2645258059761906,1.1999818468035512
1.54,d_1.54,10000,2009.7954215690172,18.807136318056493,2597.8802452180785,-2001.998934657992,1.2668663453156859,1.20238901871859
1.55,d_1.55,10000,2025.4954351749889,18.94753434603471,2611.4397458757703,-2019.0411384558677,1.2691742856497936,1.2045261653036807
1.56,d_1.56,10000,2041.0791076049863,19.086684225185124,2624.8616387143798,-2035.7752084759452,1.2714502221314663,1.206648503503959
1.57,d_1.57,10000,2056.548921651593,19.22464843305658,2638.145037859303,-2052.2086674114,1.273694736655707,1.2085158465708692
1.58,d_1.58,10000,2071.8797101292303,19.361174258388875,2651.289299609524,-2068.3488055718435,1.2759083982024924,1.21073638420452
1.59,d_1.59,10000,2087.041871422225,19.496187392221998,2664.2940007400543,-2084.2026895895056,1.2780917631698063,1.2128574728642298
1.6,d_1.6,10000,2102.0201492790125,19.629593208983238,2677.1589185743665,-2099.77717074187,1.2802453756971228,1.2145777708954149
1.61,d_1.61,10000,2116.8209554035166,19.761355700614477,2689.884012682417,-2115.078892909968,1.2823697679795947,1.216083892977535
1.62,d_1.62,10000,2131.4344959251916,19.89142066186952,2702.4694080719255,-2130.114300190762,1.2844654605732522,1.2181656867287938
1.63,d_1.63,10000,2145.8871233597674,20.01985041109705,2714.9153797513586,-2144.8896441809684,1.286532962691493,1.219958829365431
1.64,d_1.64,10000,2160.1686476921127,20.146672808143297,2727.2223385527986,-2159.4109909484255,1.2885727724931022,1.2218374726804277
1.65,d_1.65,10000,2174.269056358357,20.271824495590383,2739.39081811241,-2173.6842277066,1.290585377362095,1.2237413848673118
1.66,d_1.66,10000,2188.163949377723,20.395094321553564,2751.421462914386,-2187.715069206665,1.292571254179607,1.2254082077771344
1.67,d_1.67,10000,2201.8598524995828,20.516564202891857,2763.315017312072,-2201.509063860882,1.294530869588087,1.2273786732976268
1.68,d_1.68,10000,2215.3528055959355,20.63617661907503,2775.0723154471434,-2215.0715996103054,1.296464680248025,1.2290761590506154
1.69,d_1.69,10000,2228.6348368162967,20.75392995935657,2786.694271994126,-2228.4079095490233,1.2983731330874368,1.2310738908784287
1.7,d_1.7,10000,2241.710838918461,20.869839796937136,2798.1818736637197,-2241.5230773166863,1.3002566655443504,1.2327446062711411
1.71,d_1.71,10000,2254.5790833356446,20.983980104369465,2809.5361714035444,-2254.4220422700764,1.3021157058024677,1.2346197553965634
1.72,d_1.72,10000,2267.2435246537943,21.09631336276209,2820.7582732403175,-2267.1096044442756,1.3039506730202424,1.2361393815139965
1.73,d_1.73,10000,2279.7062610463663,21.206885996252566,2831.8493377119526,-2279.5904293133276,1.3057619775535714,1.2379566085424978
1.74,d_1.74,10000,2291.9696466142564,21.31570109634812,2842.8105678420684,-2291.8690523594805,1.3075500211722675,1.2396066726626611
1.75,d_1.75,10000,2304.0369737783944,21.422784107935737,2853.6432056136537,-2303.949883460045,1.3093151972705284,1.2409608539041375
1.76,d_1.76,10000,2315.911780544476,21.52815593332648,2864.3485269019875,-2315.837211100253,1.311057891071585,1.2424770524098594
1.77,d_1.77,10000,2327.59846922319,21.631869567625262,2874.9278368300893,-2327.5352064199315,1.3127784798266884,1.2440477295105685
1.78,d_1.78,10000,2339.1023752480746,21.733980641038908,2885.3824655129865,-2339.0479271014933,1.3144773330086006,1.245911926737854
1.79,d_1.79,10000,2350.4255205978566,21.83448362889423,2895.713764160139,-2350.3793211066663,1.3161548124997993,1.247434848809529
1.8,d_1.8,10000,2361.5721524131345,21.933425937921925,2905.9231015072105,-2361.5332302683323,1.3178112727754903,1.248697549246216
1.81,d_1.81,10000,2372.54615634022,22.030828557517086,2916.0118605514667,-2372.513393744357,1.3194470610816518,1.2498586402184209
1.82,d_1.82,10000,2383.351978720854,22.12676235737394,2925.981435566384,-2383.323451339112,1.3210625176081998,1.2512212172416262
1.83,d_1.83,10000,2393.9914480766406,22.22126012651369,2935.8332293735975,-2393.966946698741,1.3226579756574537,1.2526059515431536
1.84,d_1.84,10000,2404.4682258538605,22.314328868633538,2945.5686508519098,-2404.4473303857358,1.324233761808051,1.2542783749987378
1.85,d_1.85,10000,2414.7854756755205,22.40597813477011,2955.1891126644396,-2414.7679628378614,1.3257901960744152,1.2558214396886398
1.86,d_1.86,10000,2424.9465151637783,22.49624045529442,2964.696029186805,-2424.932117216518,1.327327592061924,1.2573527309212358
1.87,d_1.87,10000,2434.9546992823257,22.585147859314702,2974.0908146206343,-2434.9429821494473,1.3288462571179318,1.2586374443026265
1.88,d_1.88,10000,2444.812967119319,22.672721040310115,2983.374881277475,-2444.803664371952,1.3303464924787098,1.2595702040433734
1.89,d_1.89,10000,2454.5245910030244,22.759011355832683,2992.5496380200398,-2454.517191271306,1.3318285934124916,1.261177117168482
1.9,d_1.9,10000,2464.0926357212074,22.844042014557306,3001.616488848171,-2464.0865133382254,1.3332928493586986,1.2627948815576433
1.91,d_1.91,10000,2473.519371467488,22.927805731459486,3010.5768316180265,-2473.514506529191,1.3347395440634433,1.2641811664136755
1.92,d_1.92,10000,2482.8079350166367,23.01035100347892,3019.4320568843973,-2482.8039745437777,1.336168955711486,1.2658269490776997
1.93,d_1.93,10000,2491.960974438148,23.09170889478894,3028.183546855949,-2491.957651020008,1.3375813570546748,1.2672669703003576
1.94,d_1.94,10000,2500.9809579037483,23.171882067456366,3036.8326744547767,-2500.9782016514264,1.3389770155370126,1.2688530510352813
1.95,d_1.95,10000,2509.8704249828324,23.250884679951596,3045.3808024719156,-2509.868226228998,1.340356193416441,1.26996428557145
1.96,d_1.96,10000,2518.631911319068,23.32873956545639,3053.829282811265,-2518.63026061096,1.3417191478834396,1.2713804085489644
1.97,d_1.97,10000,2527.2680074285927,23.40548896899502,3062.179455814801,-2527.266778623437,1.3430661311765213,1.2728108405388916
1.98,d_1.98,10000,2535.7810272626034,23.48113678922354,3070.4326496627377,-2535.7801938947478,1.3443973906947284,1.2740906562440721
1.99,d_1.99,10000,2544.173342444907,23.555713605648762,3078.5901798426426,-2544.1728616260375,1.3457131691072197,1.2755192020006991
2.0,d_2,10000,2552.4473923503556,23.62932856419988,3086.65334868176,-2552.4470803005624,1.3470137044599912,1.2770828434685266
2.01,d_2.01,10000,2560.6052982013216,23.701954178999372,3094.623444937917,-2560.605093334504,1.348299230279886,1.2784071627563738
2.02,d_2.02,10000,2568.649231447131,23.773576816016412,3102.501743443817,-2568.649090671144,1.3495699756758968,1.2792392798878947
2.03,d_2.03,10000,2576.5812885125006,23.844194137532423,3110.2895048006853,-2576.581210320931,1.350826165437886,1.280277387352922
2.04,d_2.04,10000,2584.403567305057,23.913828088492266,3117.987975117209,-2584.4035398494893,1.3520680201327842,1.2812975492414123
2.05,d_2.05,10000,2592.1181227392517,23.982499649000857,3125.5983857899355,-2592.1181178154798,1.3532957561983265,1.2823515611852137
2.06,d_2.06,10000,2599.726935732919,24.050223643234048,3133.1219533219114,-2599.7269351604386,1.3545095860344212,1.2835716844515872
2.07,d_2.07,10000,2607.2319365522676,24.11701889397964,3140.5598791762186,-2607.2319365522676,1.355709718092194,1.2846745163284234
2.08,d_2.08,10000,2614.635021684238,24.182898976338283,3147.9133496615764,-2614.635021684238,1.356896356960785,1.2857518381172834
2.09,d_2.09,10000,2621.938046531194,24.247880005237036,3155.1835358473113,-2621.938046531194,1.358069703451962,1.287026478688852
2.1,d_2.1,10000,2629.14282456461,24.311978349164757,3162.3715935052246,-2629.14282456461,1.3592299546826183,1.2882735417895592
2.11,d_2.11,10000,2636.251127927893,24.375210002817695,3169.478663075901,-2636.251127927893,1.360377304155184,1.2896395563223035
2.12,d_2.12,10000,2643.264688573662,24.437590597394493,3176.505869657569,-2643.264688573662,1.3615119418360548,1.2906943379370417
2.13,d_2.13,10000,2650.1851993642276,24.499135410557948,3183.454323015351,-2650.1851993642276,1.3626340542320563,1.291671237956109
2.14,d_2.14,10000,2657.014315136719,24.559859376076773,3190.32511760917,-2657.014315136719,1.363743824465014,1.2927315751927102
2.15,d_2.15,10000,2663.753653734187,24.619777093159055,3197.1193326386447,-2663.753653734187,1.3648414323444888,1.2939845007672233
2.16,d_2.16,10000,2670.4047970037973,24.678902835487953,3203.8380321032973,-2670.4047970037973,1.3659270544386968,1.2950384424839405
2.17,d_2.17,10000,2676.9692917635543,24.73725055997227,3210.482264876878,-2676.9692917635543,1.3670008641437155,1.2961129856849722
2.18,d_2.18,10000,2683.448650738462,24.794833915220373,3217.053064794228,-2683.448650738462,1.368063031750974,1.297243692587791
2.19,d_2.19,10000,2689.844353467365,24.85166624974857,3223.5514507496077,-2689.844353467365,1.3691137245131013,1.2985693688721391
2.2,d_2.2,10000,2696.1578471814873,24.907760619933267,3229.978426805321,-2696.1578471814873,1.3701531067081698,1.2995416875404042
2.21,d_2.21,10000,2702.3905476556806,24.96312979771597,3236.334982309582,-2702.3905476556806,1.3711813397023793,1.3004668503352175
2.22,d_2.22,10000,2708.5438400333564,25.01778627807001,3242.6220920226606,-2708.5438400333564,1.3721985820112237,1.3014891747714565
2.23,d_2.23,10000,2714.6190796260616,25.071742286237697,3248.8407162504604,-2714.6190796260616,1.3732049893591816,1.3024357948399596
2.24,d_2.24,10000,2720.617592688567,25.12500978474569,3254.9918009846515,-2720.617592688567,1.3742007147379725,1.3034715608622507
2.25,d_2.25,10000,2726.540677170305,25.177600480206287,3261.076278048611,-2726.540677170305,1.3751859084634106,1.3045724039430344
2.26,d_2.26,10000,2732.389603444036,25.229525829912465,3267.0950652484917,-2732.389603444036,1.3761607182309001,1.3055029251791677
2.27,d_2.27,10000,2738.165615012543,25.28079704823402,3273.0490665288135,-2738.165615012543,1.377125289169614,1.3062142652101871
2.28,d_2.28,10000,2743.8699291940425,25.331425112820945,3278.9391721318807,-2743.8699291940425,1.3780797638953755,1.30731558050276
2.29,d_2.29,10000,2749.5037377871095,25.381420770621364,3284.7662587605696,-2749.5037377871095,1.3790242825622903,1.3085685014556914
2.3,d_2.3,10000,2755.0682077158285,25.43079454372038,3290.531189743969,-2755.0682077158285,1.3799589829131629,1.3098303389376196
2.31,d_2.31,10000,2760.564481655759,25.479556735005218,3296.2348152053423,-2760.564481655759,1.3808840003287117,1.3106767824876726
2.32,d_2.32,10000,2765.9936786415014,25.52771743366381,3301.8779722321055,-2765.9936786415014,1.381799467875646,1.3113935582234664
2.33,d_2.33,10000,2771.356894656366,25.57528652052126,3307.4614850473195,-2771.356894656366,1.3827055163536013,1.3119856669973693
2.34,d_2.34,10000,2776.655203204843,25.622273673220636,3312.9861651824212,-2776.655203204843,1.3836022743409917,1.3129390839366404
2.35,d_2.35,10000,2781.8896558683387,25.668688371252227,3318.452811650766,-2781.8896558683387,1.3844898682397808,1.3139034316110347
2.36,d_2.36,10000,2787.061282844886,25.714539900837703,3323.8622111218183,-2787.061282844886,1.3853684223192266,1.314861006775969
2.37,d_2.37,10000,2792.171093473224,25.75983735967275,3329.2151380955797,-2792.171093473224,1.3862380587586078,1.3155790384938078
2.38,d_2.38,10000,2797.220076741821,25.804589661533385,3334.5123550770604,-2797.220076741821,1.3870988976889582,1.3161905081476224
2.39,d_2.39,10000,2802.2092017834048,25.84880554075103,3339.7546127506225,-2802.2092017834048,1.3879510572338585,1.3171843126684397
2.4,d_2.4,10000,2807.1394183553293,25.89249355655936,3344.942650153851,-2807.1394183553293,1.388794653549273,1.3182917425004017
2.41,d_2.41,10000,2812.011657306358,25.935662097318172,3350.0771948508673,-2812.011657306358,1.3896298008624874,1.3191588546297135
2.42,d_2.42,10000,2816.826831030264,25.978319384617905,3355.158963104874,-2816.826831030264,1.3904566115101522,1.3199380523097433
2.43,d_2.43,10000,2821.585833906698,26.02047347726882,3360.188660049794,-2821.585833906698,1.3912751959754668,1.3206423613252483
2.44,d_2.44,10000,2826.289542729669,26.062132275178126,3365.166979860799,-2826.289542729669,1.3920856629245155,1.3212193596303208
2.45,d_2.45,10000,2830.9388171241517,26.103303523119514,3370.0946059237067,-2830.9388171241517,1.3928881192417877,1.3218340204023347
2.46,d_2.46,10000,2835.5344999510485,26.143994814397317,3374.972211002986,-2835.5344999510485,1.39368267006489,1.3227951555521127
2.47,d_2.47,10000,2840.0774177010326,26.184213594409982,3379.800457408417,-2840.0774177010326,1.3944694188184859,1.3233900287187144
2.48,d_2.48,10000,2844.5683808775325,26.2239671641152,3384.579997160215,-2844.5683808775325,1.3952484672474736,1.324238609092607
2.49,d_2.49,10000,2849.008184369188,26.26326268339979,3389.3114721525326,-2849.008184369188,1.3960199154494184,1.3248782727523034
2.5,d_2.5,10000,2853.3976078121395,26.302107174357506,3393.9955143152847,-2853.3976078121395,1.3967838619062594,1.325597882419922
2.51,d_2.51,10000,2857.7374159425895,26.340507524478674,3398.6327457743573,-2857.7374159425895,1.3975404035153345,1.3264638767821197
2.52,d_2.52,10000,2862.0283589396254,26.378470489751844,3403.223779009826,-2862.0283589396254,1.3982896356196854,1.3270897918904945
2.53,d_2.53,10000,2866.2711727589485,26.416002697683,3407.7692170124783,-2866.2711727589485,1.3990316520377157,1.3274079467201485
2.54,d_2.54,10000,2870.4665794576354,26.453110650233562,3412.269653438436,-2870.4665794576354,1.3997665450921981,1.3281666695041676
2.55,d_2.55,10000,2874.615287510083,26.48980072667866,3416.725672761715,-2874.615287510083,1.4004944056386193,1.3286796629523774
2.56,d_2.56,10000,2878.7179921157617,26.526079186391172,3421.137850425059,-2878.7179921157617,1.4012153230929432,1.3291297845807002
2.57,d_2.57,10000,2882.775375498579,26.56195217154984,3425.5067529885437,-2882.775375498579,1.4019293854587305,1.3300979472305456
2.58,d_2.58,10000,2886.7881071984807,26.597425709777152,3429.8329382763377,-2886.7881071984807,1.402636679353691,1.3311947976717777
2.59,d_2.59,10000,2890.7568443553487,26.63250571670739,3434.116955521392,-2890.7568443553487,1.4033372900356549,1.3319744370175612
2.6,d_2.6,10000,2894.682231985436,26.66719799848722,3438.359345508083,-2894.682231985436,1.4040313014279788,1.3326925868969015
2.61,d_2.61,10000,2898.5649032505935,26.701508254210978,3442.560640712806,-2898.5649032505935,1.404718796144404,1.333576035196256
2.62,d_2.62,10000,2902.4054797205267,26.735442078292824,3446.7213654425527,-2902.4054797205267,1.4053998555133846,1.3342605739032605
2.63,d_2.63,10000,2906.2045716281987,26.769004962776968,3450.8420359713723,-2906.2045716281987,1.4060745596018844,1.3351405359903419
2.64,d_2.64,10000,2909.962778118738,26.802202299588966,3454.923160674867,-2909.962778118738,1.4067429872386794,1.3361410604081914
2.65,d_2.65,10000,2913.680687491843,26.835039382728265,3458.9652401625394,-2913.680687491843,1.407405216037145,1.33671120898733
2.66,d_2.66,10000,2917.358877438074,26.86752141040527,3462.9687674081724,-2917.358877438074,1.408061322417575,1.3373302418841568
2.67,d_2.67,10000,2920.997915269054,26.89965348712345,3466.93422787812,-2920.997915269054,1.408711381629014,1.3381184095514185
2.68,d_2.68,10000,2924.5983581418895,26.931440625708994,3470.8620996576337,-2924.5983581418895,1.409355467770641,1.3386891928250484
2.69,d_2.69,10000,2928.160753277816,26.96288774928823,3474.752853575067,-2928.160753277816,1.4099936538126858,1.3393044158161032
2.7,d_2.7,10000,2931.685638175473,26.99399969321643,3478.6069533242307,-2931.685638175473,1.4106260116169265,1.3398332496836853
2.71,d_2.71,10000,2935.1735408186555,27.024781206956646,3482.424855584591,-2935.1735408186555,1.4112526119567326,1.34041354944662
2.72,d_2.72,10000,2938.6249798790127,27.055236955912726,3486.20701013963,-2938.6249798790127,1.41187352453671,1.3409021779497041
2.73,d_2.73,10000,2942.0404649136253,27.08537152321611,3489.9538599931984,-2942.0404649136253,1.4124888180119253,1.3416327997207897
2.74,d_2.74,10000,2945.4204965576605,27.115189411467924,3493.6658414839044,-2945.4204965576605,1.413098560006728,1.3419037378987855
2.75,d_2.75,10000,2948.765566712363,27.14469504443896,3497.343384397696,-2948.765566712363,1.4137028171331993,1.3425172299176267
2.76,d_2.76,10000,2952.0761587282473,27.17389276872619,3500.9869120783756,-2952.0761587282473,1.4143016550091907,1.3431710479435899
2.77,d_2.77,10000,2955.352747583964,27.20278685537013,3504.59684153642,-2955.352747583964,1.4148951382760202,1.3438664591019056
2.78,d_2.78,10000,2958.5958000606724,27.231381501431514,3508.1735835558247,-2958.5958000606724,1.4154833306157828,1.3444617823587959
2.79,d_2.79,10000,2961.8057749122145,27.25968083152998,3511.717542799173,-2961.8057749122145,1.4160662947683176,1.3451360949216347
2.8,d_2.8,10000,2964.9831230311497,27.287688899345323,3515.2291179108897,-2964.9831230311497,1.416644092547824,1.3456508355459933
2.81,d_2.81,10000,2968.1282876107557,27.315409689082166,3518.7087016186974,-2968.1282876107557,1.4172167848591364,1.346158771344558
2.82,d_2.82,10000,2971.241704303187,27.342847116899932,3522.1566808333737,-2971.241704303187,1.4177844317136805,1.3465482834153797
2.83,d_2.83,10000,2974.323801373693,27.37000503230712,3525.573436746634,-2974.323801373693,1.418347092245079,1.347116711003609
2.84,d_2.84,10000,2977.37499985134,27.39688721952392,3528.959344927497,-2977.37499985134,1.4189048247244762,1.347764260718486
2.85,d_2.85,10000,2980.3957136759623,27.423497398810763,3532.3147754167894,-2980.3957136759623,1.4194576865755242,1.3483826260091187
2.86,d_2.86,10000,2983.386349841714,27.44983922776602,3535.6400928200733,-2983.386349841714,1.4200057343890806,1.3490052488779014
2.87,d_2.87,10000,2986.3473085372502,27.475916302593273,3538.9356563989813,-2986.3473085372502,1.4205490239376195,1.3496028149647035
2.88,d_2.88,10000,2989.2789832824633,27.501732159337408,3542.201820160785,-2989.2789832824633,1.421087610189327,1.350039937341102
2.89,d_2.89,10000,2992.1817610621733,27.52729027509305,3545.4389329465535,-2992.1817610621733,1.4216215473219471,1.3506921189736802
2.9,d_2.9,10000,2995.0560224565775,27.552594069183826,3548.6473385176414,-2995.0560224565775,1.4221508887363328,1.3512141481283453
2.91,d_2.91,10000,2997.902141768694,27.57764690431425,3551.8273756406725,-2997.902141768694,1.4226756870697328,1.3518464121414855
2.92,d_2.92,10000,3000.720487148822,27.60245208769478,3554.9793781710023,-3000.720487148822,1.423195994208815,1.3523950327327345
2.93,d_2.93,10000,3003.511420716101,27.6270128721405,3558.1036751346614,-3003.511420716101,1.4237118613024278,1.3529523638518928
2.94,d_2.94,10000,3006.275298677352,27.651332457145262,3561.200590808943,-3006.275298677352,1.4242233387741279,1.3537209415715488
2.95,d_2.95,10000,3009.0124714430526,27.67541398992988,3564.270444801404,-3009.0124714430526,1.424730476334437,1.3541074956320296
2.96,d_2.96,10000,3011.7232837407637,27.69926056646728,3567.3135521275753,-3011.7232837407637,1.4252333229928797,1.354509244694606
2.97,d_2.97,10000,3014.4080747258654,27.72287523248328,3570.330223287176,-3014.4080747258654,1.4257319270697695,1.3550205644975328
2.98,d_2.98,10000,3017.0671780898524,27.74626098443528,3573.3207643390483,-3017.0671780898524,1.4262263362077785,1.3556076236417576
2.99,d_2.99,10000,3019.7009221661383,27.769420770468493,3576.285476974709,-3019.7009221661383,1.4267165973832765,1.355883830967676
3.0,d_3,10000,3022.3096300334473,27.792357491350185,3579.224658590571,-3022.3096300334473,1.4272027569174497,1.356207978931149
3.01,d_3.01,10000,3024.893619616864,27.815074001382904,3582.138602358846,-3024.893619616864,1.4276848604872,1.3570169064351871
3.02,d_3.02,10000,3027.4532037866848,27.837573109297715,3585.027597297258,-3027.4532037866848,1.4281629531358475,1.3576210985652646
3.03,d_3.03,10000,3029.9886904550067,27.859857579126988,3587.891928337448,-3029.9886904550067,1.4286370792836216,1.3580493411790653
3.04,d_3.04,10000,3032.500382670067,27.881930131056816,3590.73187639205,-3032.500382670067,1.4291072827379296,1.3585401979745808
3.05,d_3.05,10000,3034.9885787087155,27.903793442262593,3593.5477184208116,-3034.9885787087155,1.4295736067034754,1.3590068892681706
3.06,d_3.06,10000,3037.4535721665657,27.925450147723524,3596.339727495234,-3037.4535721665657,1.4300360937921335,1.3594695632266744
3.07,d_3.07,10000,3039.895652046349,27.946902841020957,3599.108172862259,-3039.895652046349,1.430494786032672,1.3598386776357858
3.08,d_3.08,10000,3042.3151028442408,27.968154075118292,3601.8533200067227,-3042.3151028442408,1.4309497248802754,1.3601561551508827
3.09,d_3.09,10000,3044.7122046342806,27.989206363123657,3604.575430712679,-3044.7122046342806,1.431400951225886,1.3605165233968486
3.1,d_3.1,10000,3047.0872331510086,28.01006217903653,3607.274763123685,-3047.0872331510086,1.4318485054053811,1.361076018037393
3.11,d_3.11,10000,3049.4404598701985,28.030723958477033,3609.951571801897,-3049.4404598701985,1.4322924272085586,1.3616733377907786
3.12,d_3.12,10000,3051.772152087938,28.051194099400345,3612.6061077862196,-3051.772152087938,1.4327327558879723,1.3620212641793796
3.13,d_3.13,10000,3054.082572997924,28.071474962794934,3615.238618649327,-3054.082572997924,1.4331695301675893,1.362461591124677
3.14,d_3.14,10000,3056.371981767115,28.091568873365933,3617.8493485536947,-3056.371981767115,1.4336027882512914,1.3630355460762482
3.15,d_3.15,10000,3058.6406336097702,28.11147812020397,3620.438538306646,-3058.6406336097702,1.4340325678312191,1.363427451893389
3.16,d_3.16,10000,3060.8887798598257,28.13120495743888,3623.00642541433,-3060.8887798598257,1.4344589060959505,1.363861596960068
3.17,d_3.17,10000,3063.116668041832,28.150751604880444,3625.553244134847,-3063.116668041832,1.4348818397385437,1.3641710800218618
3.18,d_3.18,10000,3065.3245419402742,28.17012024864451,3628.0792255303213,-3065.3245419402742,1.4353014049644166,1.364555897451498
3.19,d_3.19,10000,3067.512641667497,28.189313041766464,3630.584597518119,-3067.512641667497,1.4357176374990928,1.3650844412360583
3.2,d_3.2,10000,3069.6812037301347,28.2083321048012,3633.069584921094,-3069.6812037301347,1.4361305725957962,1.3654755037037694
3.21,d_3.21,10000,3071.830461094159,28.227179526410595,3635.5344095169626,-3071.830461094159,1.4365402450429088,1.3658446491440215
3.22,d_3.22,10000,3073.9606432485293,28.24585736393832,3637.979290086766,-3073.9606432485293,1.4369466891712899,1.3663795751962702
3.23,d_3.23,10000,3076.0719762675894,28.26436764397332,3640.404442462557,-3076.0719762675894,1.4373499388614726,1.366967134994946
3.24,d_3.24,10000,3078.164682872066,28.282712362900657,3642.8100795741384,-3078.164682872066,1.4377500275507165,1.3673890902001835
3.25,d_3.25,10000,3080.2389824887937,28.300893487440888,3645.1964114949824,-3080.2389824887937,1.4381469882399303,1.3676927741379183
3.26,d_3.26,10000,3082.2950913092996,28.31891295517896,3647.563645487417,-3082.2950913092996,1.4385408535004869,1.368085923272516
3.27,d_3.27,10000,3084.3332223470256,28.336772675081015,3649.9119860468854,-3084.3332223470256,1.4389316554808913,1.3686249335576526
3.28,d_3.28,10000,3086.3535854935058,28.354474528001585,3652.2416349455457,-3086.3535854935058,1.43931942591335,1.3687882437279288
3.29,d_3.29,10000,3088.3563875732875,28.372020367179427,3654.552791275,-3088.3563875732875,1.4397041961202062,1.3691277321309192
3.3,d_3.3,10000,3090.3418323977826,28.389412018723796,3656.8456514883346,-3090.3418323977826,1.4400859970202713,1.3695930042745894
3.31,d_3.31,10000,3092.310120817969,28.40665128209026,3659.1204094413683,-3092.310120817969,1.4404648591350324,1.370138801982311
3.32,d_3.32,10000,3094.2614507760422,28.423739930546912,3661.3772564331953,-3094.2614507760422,1.4408408125947547,1.3704959673821084
3.33,d_3.33,10000,3096.196017356033,28.440679711631475,3663.6163812460404,-3096.196017356033,1.4412138871444804,1.3709573033667914
3.34,d_3.34,10000,3098.114012833338,28.457472347598337,3665.837970184345,-3098.114012833338,1.4415841121499067,1.371410400453598
3.35,d_3.35,10000,3100.0156267233187,28.474119535857277,3668.042207113244,-3100.0156267233187,1.4419515166031747,1.37170608692441
3.36,d_3.36,10000,3101.9010458288326,28.4906229494026,3670.229273496284,-3101.9010458288326,1.4423161291285413,1.3719835207067976
3.37,d_3.37,10000,3103.770454286924,28.506984237234477,3672.3993484325806,-3103.770454286924,1.4426779779879708,1.372415889441497
3.38,d_3.38,10000,3105.6240336144606,28.52320502477095,3674.552608693231,-3105.6240336144606,1.4430370910866037,1.372711303908537
3.39,d_3.39,10000,3107.4619627529405,28.53928691425236,3676.6892287571563,-3107.4619627529405,1.4433934959781523,1.3731277628168477
3.4,d_3.4,10000,3109.2844181123487,28.555231485137156,3678.8093808462727,-3109.2844181123487,1.443747219870184,1.373438673977966
3.41,d_3.41,10000,3111.0915736141824,28.571040294490203,3680.913234960083,-3111.0915736141824,1.4440982896293244,1.3738244103877715
3.42,d_3.42,10000,3112.8836007335794,28.58671487736304,3683.000958909629,-3112.8836007335794,1.444446731786359,1.3740057139705302
3.43,d_3.43,10000,3114.660668540683,28.602256747167132,3685.072718350923,-3114.660668540683,1.4447925725412614,1.374239443454962
3.44,d_3.44,10000,3116.4229437411004,28.61766739603903,3687.128676817706,-3116.4229437411004,1.4451358377681158,1.3745145609806073
3.45,d_3.45,10000,3118.170590715666,28.632948295199174,3689.1689957537415,-3118.170590715666,1.445476553019973,1.3746988868431638
3.46,d_3.46,10000,3119.903771559322,28.648100895302754,3691.19383454445,-3119.903771559322,1.4458147435336053,1.3751080715808375
3.47,d_3.47,10000,3121.6226461193055,28.66312662678428,3693.203350548056,-3121.6226461193055,1.4461504342341893,1.3755061240466333
3.48,d_3.48,10000,3123.3273720325938,28.678026900195476,3695.1976991262127,-3123.3273720325938,1.4464836497399098,1.375753731975868
3.49,d_3.49,10000,3125.018104762549,28.692803106535912,3697.177033674019,-3125.018104762549,1.4468144143664725,1.3763189695889007
3.5,d_3.5,10000,3126.694997634992,28.70745661757848,3699.141505649663,-3126.694997634992,1.4471427521315634,1.3766395910575528
3.51,d_3.51,10000,3128.358201873405,28.721988786187,3701.091264603381,-3128.358201873405,1.4474686867592015,1.3769042531930107
3.52,d_3.52,10000,3130.007866633594,28.73640094662893,3703.0264582060645,-3130.007866633594,1.4477922416840414,1.377284929737021
3.53,d_3.53,10000,3131.6441390376517,28.750694414881803,3704.9472322773404,-3131.6441390376517,1.4481134400555982,1.3777313110762643
3.54,d_3.54,10000,3133.2671642071637,28.76487048893275,3706.8537308130667,-3133.2671642071637,1.4484323047423804,1.3779528148847549
3.55,d_3.55,10000,3134.877085295983,28.778930449074185,3708.7460960125677,-3134.877085295983,1.4487488583359915,1.3782237915256346
3.56,d_3.56,10000,3136.4740435221747,28.792875558191934,3710.6244683051937,-3136.4740435221747,1.4490631231551225,1.3785552770458342
3.57,d_3.57,10000,3138.0581781995193,28.806707062049437,3712.4889863766016,-3138.0581781995193,1.4493751212495092,1.3789464945012049
3.58,d_3.58,10000,3139.629626768262,28.82042618956511,3714.339787194431,-3139.629626768262,1.4496848744037958,1.3792431804882024
3.59,d_3.59,10000,3141.188524825433,28.834034153085778,3716.1770060336985,-3141.188524825433,1.449992404141357,1.3796003610847882
3.6,d_3.6,10000,3142.735006154501,28.847532148654178,3718.0007765016703,-3142.735006154501,1.450297731728045,1.3798209252778098
3.61,d_3.61,10000,3144.2692027545,28.860921356271614,3719.8112305623404,-3144.2692027545,1.4506008781758735,1.3802165334759466
3.62,d_3.62,10000,3145.79124486858,28.874202940155506,3721.608498560476,-3145.79124486858,1.4509018642466402,1.3805538915503046
3.63,d_3.63,10000,3147.3012610121,28.88737804899268,3723.392709245326,-3147.3012610121,1.4512007104554998,1.3808946959927126
3.64,d_3.64,10000,3148.7993780000897,28.900447816187025,3725.1639897938294,-3148.7993780000897,1.4514974370744582,1.381225570456487
3.65,d_3.65,10000,3150.285720974288,28.913413360103366,3726.922465833529,-3150.285720974288,1.4517920641358284,1.3815425694835555
3.66,d_3.66,10000,3151.76041342966,28.92627578430653,3728.668261465065,-3151.76041342966,1.4520846114356196,1.3818704279436682
3.67,d_3.67,10000,3153.2235772403837,28.939036177795696,3730.4014992842717,-3153.2235772403837,1.452375098536871,1.3822118997727921
3.68,d_3.68,10000,3154.675332685441,28.95169561523511,3732.1223004039844,-3154.675332685441,1.4526635447729397,1.3824438542532356
3.69,d_3.69,10000,3156.115798473592,28.964255157179274,3733.8307844753267,-3156.115798473592,1.4529499692507102,1.3827775956093409
3.7,d_3.7,10000,3157.5450917681032,28.976715850295935,3735.5270697088827,-3157.5450917681032,1.453234390853792,1.383228420006852
3.71,d_3.71,10000,3158.9633282107698,28.98907872758262,3737.211272895235,-3158.9633282107698,1.4535168282456175,1.3834555026523794
3.72,d_3.72,10000,3160.370621945754,29.00134480858153,3738.8835094254423,-3160.370621945754,1.4537972998725341,1.3836589108750283
3.73,d_3.73,10000,3161.7670856428144,29.013515099588997,3740.5438933109895,-3161.7670856428144,1.4540758239668174,1.3838813931497689
3.74,d_3.74,10000,3163.1528305201828,29.025590593861697,3742.192537203488,-3163.1528305201828,1.4543524185496466,1.3841100472151506
3.75,d_3.75,10000,3164.5279663669667,29.037572271818558,3743.8295524139835,-3164.5279663669667,1.4546271014340206,1.3842814923110287
3.76,d_3.76,10000,3165.8926015652874,29.049461101240396,3745.4550489321,-3165.8926015652874,1.4548998902276529,1.3846213420165976
3.77,d_3.77,10000,3167.246843111823,29.061258037463983,3747.0691354446567,-3167.246843111823,1.4551708023357857,1.3848562038359162
3.78,d_3.78,10000,3168.590796639174,29.07296402357471,3748.671919354207,-3168.590796639174,1.4554398549639933,1.3851298788169872
3.79,d_3.79,10000,3169.924566436651,29.0845799905939,3750.2635067970714,-3169.924566436651,1.45570706512091,1.385402817718545
3.8,d_3.8,10000,3171.2482554708154,29.096106857663962,3751.8440026612047,-3171.2482554708154,1.4559724496209336,1.3856077553595763
3.81,d_3.81,10000,3172.561965405607,29.107545532229775,3753.413510603724,-3172.561965405607,1.4562360250868776,1.3859263552496146
3.82,d_3.82,10000,3173.865796622184,29.118896910217423,3754.972133068218,-3173.865796622184,1.4564978079525939,1.3862593233521614
3.83,d_3.83,10000,3175.1598482382683,29.13016187620866,3756.5199713016546,-3175.1598482382683,1.4567578144655322,1.3864195478126284
3.84,d_3.84,10000,3176.4442181272775,29.141341303613178,3758.0571253711105,-3176.4442181272775,1.4570160606892746,1.3866871464161772
3.85,d_3.85,10000,3177.7190029371104,29.15243605483796,3759.5836941802563,-3177.7190029371104,1.457272562506035,1.3869031157187934
3.86,d_3.86,10000,3178.9842981084707,29.16344698145236,3761.099775485419,-3178.9842981084707,1.457527335619092,1.3871209976583194
3.87,d_3.87,10000,3180.240197893105,29.174374924352417,3762.605465911639,-3180.240197893105,1.457780395555227,1.3873619769813763
3.88,d_3.88,10000,3181.4867953714215,29.185220713919634,3764.100860968163,-3181.4867953714215,1.4580317576670718,1.3877469256461343
3.89,d_3.89,10000,3182.72418247013,29.19598517017986,3765.5860550640186,-3182.72418247013,1.4582814371354742,1.3880842099698034
3.9,d_3.9,10000,3183.9524499792587,29.20666910295661,3767.0611415230233,-3183.9524499792587,1.458529448971774,1.3883862962988331
3.91,d_3.91,10000,3185.171687569149,29.21727331202419,3768.5262125988365,-3185.171687569149,1.4587758080200914,1.3887057805045961
3.92,d_3.92,10000,3186.381983806952,29.227798587256274,3769.9813594895536,-3186.381983806952,1.459020528959543,1.3889063192667872
3.93,d_3.93,10000,3187.5834261729324,29.238245708772773,3771.426672352176,-3187.5834261729324,1.459263626306439,1.38906898260137
3.94,d_3.94,10000,3188.7761010765253,29.2486154470845,3772.8622403168765,-3188.7761010765253,1.4595051144164544,1.3892306982426987
3.95,d_3.95,10000,3189.9600938720064,29.258908563234286,3774.288151500932,-3189.9600938720064,1.4597450074867455,1.3894556627664965
3.96,d_3.96,10000,3191.1354888739966,29.26912580893659,3775.704493022541,-3191.1354888739966,1.459983319558053,1.3896755487151846
3.97,d_3.97,10000,3192.3023693726896,29.279267926714745,3777.1113510144073,-3192.3023693726896,1.4602200645167704,1.389974924591714
3.98,d_3.98,10000,3193.460817648737,29.28933565003496,3778.5088106370376,-3193.460817648737,1.4604552560969655,1.3901921161523583
3.99,d_3.99,10000,3194.61091498793,29.299329703438502,3779.896956091866,-3194.61091498793,1.460688907882379,1.3905111398981695
4.0,d_4,10000,3195.7527416957214,29.30925080267255,3781.2758706342775,-3195.7527416957214,1.460921033308413,1.3908800455964823
4.01,d_4.01,10000,3196.8863771113374,29.31909965481722,3782.6456365862523,-3196.8863771113374,1.4611516456640523,1.3912198175044868
4.02,d_4.02,10000,3198.0118996217598,29.328876958411502,3784.0063353489327,-3198.0118996217598,1.461380758093784,1.3914443864386348
4.03,d_4.03,10000,3199.129386675459,29.338583403576898,3785.358047414973,-3199.129386675459,1.4616083835994789,1.3916948598769108
4.04,d_4.04,10000,3200.2389147958534,29.34821967213863,3786.700852380655,-3200.2389147958534,1.461834535042241,1.391928394590807
4.05,d_4.05,10000,3201.340559594596,29.357786437745204,3788.034828957878,-3201.340559594596,1.462059225144237,1.3920466714835897
4.06,d_4.06,10000,3202.4343957846063,29.367284365985864,3789.360054985915,-3202.4343957846063,1.462282466490492,1.3921989692460741
4.07,d_4.07,10000,3203.5204971928974,29.376714114505926,3790.676607443023,-3203.5204971928974,1.4625042715306613,1.392571498222246
4.08,d_4.08,10000,3204.5989367731668,29.386076333120254,3791.9845624578256,-3204.5989367731668,1.4627246525807702,1.3927775421955737
4.09,d_4.09,10000,3205.66978661822,29.395371663925015,3793.283995320586,-3205.66978661822,1.4629436218249374,1.393065932559785
4.1,d_4.1,10000,3206.733117972165,29.404600741407496,3794.574980494268,-3206.733117972165,1.4631611913170666,1.3933726009637135
4.11,d_4.11,10000,3207.7890012423827,29.413764192553824,3795.857591625412,-3207.7890012423827,1.463377372982509,1.3935061064972696
4.12,d_4.12,10000,3208.8375060113385,29.42286263695531,3797.131901554885,-3208.8375060113385,1.4635921786197095,1.3936662885537068
4.13,d_4.13,10000,3209.878701048196,29.43189668691295,3798.39798232846,-3209.878701048196,1.463805619901825,1.3938955012074639
4.14,d_4.14,10000,3210.91265432019,29.44086694753984,3799.6559052071816,-3210.91265432019,1.4640177083783128,1.3941563501501473
4.15,d_4.15,10000,3211.9394330038976,29.449774016862513,3800.905740677667,-3211.9394330038976,1.4642284554765084,1.3943274485643828
4.16,d_4.16,10000,3212.959103496241,29.45861848592011,3802.147558462159,-3212.959103496241,1.4644378725031657,1.394387509320991
4.17,d_4.17,10000,3213.971731425365,29.467400938862095,3803.3814275284844,-3213.971731425365,1.4646459706459845,1.394566251711197
4.18,d_4.18,10000,3214.9773816613356,29.47612195304468,3804.60741609986,-3214.9773816613356,1.4648527609751139,1.3947203226373692
4.19,d_4.19,10000,3215.976118326627,29.48478209912508,3805.8255916645126,-3215.976118326627,1.4650582544446282,1.3950545814813295
4.2,d_4.2,10000,3216.968004806473,29.493381941154755,3807.036020985185,-3216.968004806473,1.4652624618939878,1.3954366058165883
4.21,d_4.21,10000,3217.9531037590323,29.50192203667077,3808.2387701084886,-3217.9531037590323,1.465465394049472,1.3956944570289145
4.22,d_4.22,10000,3218.9314771254376,29.510402936786274,3809.4339043741547,-3218.9314771254376,1.4656670615256033,1.3959690458407084
4.23,d_4.23,10000,3219.903186139576,29.51882518627851,3810.621488424046,-3219.903186139576,1.4658674748265295,1.3961053496466005
4.24,d_4.24,10000,3220.868291337865,29.52718932367668,3811.801586211183,-3220.868291337865,1.4660666443474144,1.396290635128869
4.25,d_4.25,10000,3221.826852568708,29.535495881347103,3812.974261008473,-3221.826852568708,1.4662645803757772,1.3965220894224122
4.26,d_4.26,10000,3222.7789290019496,29.543745385578216,3814.1395754174628,-3222.7789290019496,1.4664612930928405,1.3969405259986063
4.27,d_4.27,10000,3223.72457913806,29.551938356663204,3815.297591376835,-3223.72457913806,1.4666567925748386,1.3972954204434545
4.28,d_4.28,10000,3224.663860817245,29.56007530898195,3816.4483701708546,-3224.663860817245,1.4668510887943158,1.397486539061886
4.29,d_4.29,10000,3225.5968312284185,29.56815675108172,3817.5919724377004,-3225.5968312284185,1.467044191621413,1.397695067519722
4.3,d_4.3,10000,3226.523546917937,29.576183185755763,3818.7284581775684,-3226.523546917937,1.4672361108251126,1.3979102402252543
4.31,d_4.31,10000,3227.444063798327,29.584155110121753,3819.857886760796,-3227.444063798327,1.4674268560744939,1.3982004727007857
4.32,d_4.32,10000,3228.3584371568004,29.592073015698396,3820.9803169357883,-3228.3584371568004,1.4676164369399531,1.3984731091483873
4.33,d_4.33,10000,3229.266721663623,29.599937388480694,3822.0958068368127,-3229.266721663623,1.4678048628944078,1.3986381156833798
4.34,d_4.34,10000,3230.1689713804117,29.607748709014558,3823.204413991745,-3230.1689713804117,1.4679921433144907,1.3989389650745256
4.35,d_4.35,10000,3231.065239768243,29.615507452469704,3824.306195329636,-3231.065239768243,1.4681782874817186,1.399132696324214
4.36,d_4.36,10000,3231.9555796956847,29.623214088711883,3825.401207188228,-3231.9555796956847,1.4683633045836535,1.399332301988566
4.37,d_4.37,10000,3232.840043446655,29.630869082373543,3826.4895053213036,-3232.840043446655,1.4685472037150376,1.3995810548003158
4.38,d_4.38,10000,3233.718682728183,29.63847289292363,3827.5711449059554,-3233.718682728183,1.4687299938789162,1.3998224790495626
4.39,d_4.39,10000,3234.5915486780887,29.646025974736585,3828.6461805497956,-3234.5915486780887,1.4689116839877547,1.3999908797434186
4.4,d_4.4,10000,3235.4586918724503,29.653528777159504,3829.7146662979576,-3235.4586918724503,1.4690922828645194,1.4002104348220474
4.41,d_4.41,10000,3236.3201623330565,29.660981744579175,3830.776655640104,-3236.3201623330565,1.4692717992437634,1.4002763804373777
4.42,d_4.42,10000,3237.176009534653,29.66838531648713,3831.8322015172394,-3237.176009534653,1.4694502417726798,1.4004113267465468
4.43,d_4.43,10000,3238.026282412172,29.6757399275447,3832.8813563285216,-3238.026282412172,1.4696276190121584,1.4005797044237753
4.44,d_4.44,10000,3238.871029367786,29.68304600764641,3833.9241719379074,-3238.871029367786,1.469803939437814,1.4007722242250287
4.45,d_4.45,10000,3239.7102982778347,29.690303981982236,3834.9606996806874,-3239.7102982778347,1.4699792114409993,1.4008801753836189
4.46,d_4.46,10000,3240.5441364997387,29.697514271099703,3835.9909903700172,-3240.5441364997387,1.4701534433298173,1.4009436701235152
4.47,d_4.47,10000,3241.372590878717,29.704677290964323,3837.0150943032645,-3241.372590878717,1.4703266433301072,1.4012884750821282
4.48,d_4.48,10000,3242.1957077544416,29.711793453019368,3838.0330612683106,-3242.1957077544416,1.4704988195864208,1.4014812449691407
4.49,d_4.49,10000,3243.0135329675945,29.718863164244777,3839.044940549754,-3243.0135329675945,1.4706699801629852,1.4018041531734444
4.5,d_4.5,10000,3243.826111866306,29.725886827215056,3840.0507809350206,-3243.826111866306,1.4708401330446526,1.402042349611771
4.51,d_4.51,10000,3244.633489312512,29.7328648401564,3841.050630720393,-3244.633489312512,1.4710092861378365,1.4022534656471197
4.52,d_4.52,10000,3245.435709688234,29.739797597003058,3842.044537716977,-3245.435709688234,1.4711774472714383,1.4025028957659724
4.53,d_4.53,10000,3246.2328169016937,29.746685487452346,3843.0325492565125,-3246.2328169016937,1.4713446241977524,1.4027183229447822
4.54,d_4.54,10000,3247.02485439344,29.753528897019674,3844.014712197208,-3247.02485439344,1.4715108245933712,1.4028183727004921
4.55,d_4.55,10000,3247.8118651422815,29.760328207091817,3844.9910729293865,-3247.8118651422815,1.471676056060065,1.40298977453368
4.56,d_4.56,10000,3248.5938916712007,29.76708379498009,3845.9616773811294,-3248.5938916712007,1.4718403261256605,1.4030837502692028
4.57,d_4.57,10000,3249.370976053162,29.77379603397249,3846.926571023815,-3249.370976053162,1.472003642244902,1.403265561911018
4.58,d_4.58,10000,3250.1431599168254,29.780465293385053,3847.8857988775785,-3250.1431599168254,1.472166011800303,1.4035507570032157
4.59,d_4.59,10000,3250.9104844521657,29.787091938612296,3848.8394055166805,-3250.9104844521657,1.472327442102982,1.4037177227171944
4.6,d_4.6,10000,3251.6729904160297,29.793676331177156,3849.7874350748284,-3251.6729904160297,1.4724879403934916,1.403989276752902
4.61,d_4.61,10000,3252.4307181376153,29.80021882878018,3850.7299312504224,-3252.4307181376153,1.472647513842638,1.404260307683495
4.62,d_4.62,10000,3253.1837075238295,29.80671978534772,3851.6669373116906,-3253.1837075238295,1.47280616955228,1.4045581366240771
4.63,d_4.63,10000,3253.9319980646437,29.81317955107989,3852.5984961018294,-3253.9319980646437,1.4729639145561333,1.4046759302828475
4.64,d_4.64,10000,3254.6756288382626,29.819598472497116,3853.5246500439653,-3254.6756288382626,1.4731207558205428,1.4047519621445255
4.65,d_4.65,10000,3255.414638516339,29.825976892486924,3854.4454411461675,-3255.414638516339,1.4732767002452671,1.4048218633888991
4.66,d_4.66,10000,3256.1490653689943,29.832315150348983,3855.360911006277,-3256.1490653689943,1.4734317546642326,1.4048962836493817
4.67,d_4.67,10000,3256.8789472698845,29.838613581840647,3856.271100816788,-3256.8789472698845,1.473585925846295,1.4052153391658422
4.68,d_4.68,10000,3257.6043217010656,29.844872519220633,3857.1760513695294,-3257.6043217010656,1.4737392204959738,1.405495448983221
4.69,d_4.69,10000,3258.3252257579043,29.851092291293078,3858.075803060408,-3258.3252257579043,1.473891645254191,1.4055799201507315
4.7,d_4.7,10000,3259.0416961538435,29.857273223450356,3858.9703958940045,-3259.0416961538435,1.474043206698993,1.4057547434036906
4.71,d_4.71,10000,3259.7537692251326,29.863415637715526,3859.8598694881443,-3259.7537692251326,1.4741939113462637,1.4059533859190467
4.72,d_4.72,10000,3260.461480935468,29.86951985278403,3860.7442630783885,-3260.461480935468,1.474343765650429,1.406072938863613
4.73,d_4.73,10000,3261.1648668805965,29.87558618406495,3861.6236155224806,-3261.1648668805965,1.4744927760051534,1.4061419633609828
4.74,d_4.74,10000,3261.863962292816,29.88161494372146,3862.4979653047135,-3261.863962292816,1.4746409487440233,1.4063330874657267
4.75,d_4.75,10000,3262.558802045434,29.887606440710854,3863.3673505402503,-3262.558802045434,1.4747882901412235,1.406469200433245
4.76,d_4.76,10000,3263.249420657176,29.89356098082405,3864.231808979395,-3263.249420657176,1.4749348064122096,1.406648700342516
4.77,d_4.77,10000,3263.935852296494,29.899478866724337,3865.091378011786,-3263.935852296494,1.475080503714364,1.4067171684598638
4.78,d_4.78,10000,3264.618130785845,29.905360397985717,3865.946094670546,-3264.618130785845,1.475225388147646,1.4068147108115934
4.79,d_4.79,10000,3265.2962896058907,29.91120587113062,3866.795995636368,-3265.2962896058907,1.475369465755235,1.407004800032268
4.8,d_4.8,10000,3265.970361899639,29.91701557966707,3867.641117241551,-3265.970361899639,1.4755127425241634,1.407066550486492
4.81,d_4.81,10000,3266.640380476553,29.922789814125537,3868.481495473996,-3266.640380476553,1.4756552243859449,1.4070958099102282
4.82,d_4.82,10000,3267.3063778165524,29.92852886209487,3869.317165981112,-3267.3063778165524,1.4757969172171868,1.4072711067660977
4.83,d_4.83,10000,3267.9683860740142,29.934233008258186,3870.1481640737193,-3267.9683860740142,1.475937826840205,1.407442104606595
4.84,d_4.84,10000,3268.6264370816602,29.93990253442772,3870.974524729843,-3268.6264370816602,1.4760779590236195,1.4076239066335492
4.85,d_4.85,10000,3269.2805623544596,29.945537719579885,3871.7962825985296,-3269.2805623544596,1.4762173194829558,1.4078132010769644
4.86,d_4.86,10000,3269.930793093403,29.95113883988909,3872.6134720035357,-3269.930793093403,1.4763559138812246,1.407956972941851
4.87,d_4.87,10000,3270.5771601892607,29.956706168761496,3873.426126947009,-3270.5771601892607,1.4764937478295015,1.4080305077521156
4.88,d_4.88,10000,3271.2196942263054,29.962239976868347,3874.2342811131325,-3271.2196942263054,1.4766308268875,1.408221279604506
4.89,d_4.89,10000,3271.8584254859543,29.967740532178734,3875.0379678717,-3271.8584254859543,1.4767671565641363,1.4083663813296525
4.9,d_4.9,10000,3272.493383950352,29.97320809999163,3875.837220281623,-3272.493383950352,1.4769027423180807,1.4085260970620752
4.91,d_4.91,10000,3273.1245993059497,29.978642942968058,3876.6320710944524,-3273.1245993059497,1.4770375895583125,1.4085728817610152
4.92,d_4.92,10000,3273.7521009469874,29.984045321162323,3877.422552757797,-3273.7521009469874,1.4771717036446605,1.408805412058181
4.93,d_4.93,10000,3274.3759179789467,29.989415492052935,3878.20869741872,-3274.3759179789467,1.4773050898883373,1.4089477438833864
4.94,d_4.94,10000,3274.996079221983,29.994753710573434,3878.9905369271146,-3274.996079221983,1.477437753552473,1.4090659201815383
4.95,d_4.95,10000,3275.6126132142435,30.000060229142104,3879.7681028389734,-3275.6126132142435,1.4775696998526302,1.409143222019036
4.96,d_4.96,10000,3276.2255482151963,30.005335297691857,3880.5414264196697,-3276.2255482151963,1.4777009339573226,1.4092339080552696
4.97,d_4.97,10000,3276.8349122089217,30.01057916369975,3881.310538647203,-3276.8349122089217,1.4778314609885286,1.4093160170372836
4.98,d_4.98,10000,3277.4407329072947,30.01579207221547,3882.0754702153413,-3277.4407329072947,1.4779612860221856,1.409550449001615
4.99,d_4.99,10000,3278.0430377531807,30.020974265890043,3882.836251536777,-3278.0430377531807,1.4780904140886912,1.4098761091156995
5.0,d_5,10000,3278.6418539235765,30.02612598500398,3883.59291274623,-3278.6418539235765,1.4782188501733924,1.4101281640301664
